Date,Open,High,Low,Close,Adj Close,Volume
1996-05-06,26.750000,27.424999,26.750000,27.325001,2.366081,8128200
1996-05-13,27.200001,27.424999,27.125000,27.424999,2.374739,6352600
1996-05-20,27.525000,27.575001,27.375000,27.475000,2.379070,3241600
1996-05-27,27.450001,27.575001,27.250000,27.275000,2.361753,4775000
1996-06-03,27.200001,27.600000,27.200001,27.299999,2.363916,6119000
1996-06-10,27.250000,27.450001,26.250000,26.400000,2.285985,6655200
1996-06-17,26.424999,27.049999,26.325001,26.750000,2.375239,4987600
1996-06-24,26.825001,27.150000,26.674999,26.875000,2.386339,3868400
1996-07-01,27.000000,27.450001,26.924999,27.125000,2.408537,2710200
1996-07-08,27.150000,28.299999,27.150000,27.750000,2.464033,8429200
1996-07-15,27.750000,27.799999,26.750000,27.500000,2.441835,6900000
1996-07-22,27.450001,27.450001,26.299999,26.924999,2.390779,5288000
1996-07-29,26.924999,27.799999,26.775000,27.725000,2.461814,2374600
1996-08-05,27.700001,27.825001,27.450001,27.700001,2.459593,2097800
1996-08-12,27.700001,27.750000,27.500000,27.725000,2.461814,2291600
1996-08-19,27.674999,27.975000,27.674999,27.700001,2.459593,2302400
1996-08-26,27.700001,27.700001,26.924999,27.000000,2.397438,2743000
1996-09-02,26.900000,27.275000,26.875000,27.200001,2.415196,2619800
1996-09-09,27.225000,27.600000,27.174999,27.500000,2.441835,4625800
1996-09-16,27.400000,28.500000,27.375000,28.275000,2.574128,7154800
1996-09-23,28.299999,29.125000,28.100000,29.075001,2.646959,7832400
1996-09-30,29.025000,30.150000,28.924999,30.049999,2.735723,9467000
1996-10-07,30.000000,30.125000,28.950001,29.850000,2.717515,6192600
1996-10-14,30.049999,30.299999,29.350000,29.600000,2.694755,3941400
1996-10-21,29.375000,30.875000,29.299999,30.525000,2.778965,11443200
1996-10-28,30.650000,30.950001,30.325001,30.424999,2.769861,7533000
1996-11-04,30.350000,32.549999,30.250000,32.075001,2.920076,13776400
1996-11-11,32.000000,32.099998,31.174999,31.625000,2.879108,7555200
1996-11-18,31.650000,32.750000,31.625000,32.474998,2.956491,5602800
1996-11-25,32.549999,34.474998,32.375000,34.025002,3.097602,6687200
1996-12-02,34.000000,34.224998,30.875000,31.924999,2.906421,10079200
1996-12-09,32.250000,33.424999,31.200001,31.450001,2.863178,8025400
1996-12-16,31.500000,33.099998,30.875000,32.924999,3.060770,8184600
1996-12-23,33.000000,33.125000,32.525002,32.674999,3.037528,1044600
1996-12-30,32.674999,33.250000,32.325001,32.625000,3.032881,2559600
1997-01-06,32.625000,33.099998,32.525002,32.724998,3.042177,6991600
1997-01-13,32.750000,34.875000,32.724998,34.400002,3.197889,9043200
1997-01-20,34.474998,34.500000,32.799999,32.875000,3.056121,9910000
1997-01-27,33.000000,34.099998,32.625000,33.924999,3.153732,11184400
1997-02-03,34.250000,35.375000,34.250000,34.674999,3.223454,11848600
1997-02-10,34.724998,35.799999,34.575001,35.625000,3.311767,5361600
1997-02-17,35.650002,35.799999,34.900002,35.000000,3.253666,7802600
1997-02-24,34.974998,35.150002,32.950001,33.200001,3.086334,15382000
1997-03-03,33.200001,34.224998,32.950001,34.000000,3.160703,8454200
1997-03-10,34.125000,34.724998,32.900002,33.150002,3.081686,9340400
1997-03-17,33.000000,33.049999,31.700001,31.975000,3.032001,8127000
1997-03-24,32.200001,33.299999,32.200001,32.474998,3.079413,5092800
1997-03-31,32.500000,32.650002,31.125000,31.400000,2.977478,6786000
1997-04-07,31.549999,31.924999,31.025000,31.049999,2.944289,7210400
1997-04-14,31.100000,32.250000,30.775000,31.525000,2.989331,8165600
1997-04-21,31.400000,32.500000,31.375000,31.400000,2.977478,4933200
1997-04-28,31.475000,35.250000,31.450001,34.974998,3.316475,15719000
1997-05-05,34.875000,34.924999,33.875000,34.025002,3.226392,7211800
1997-05-12,34.099998,35.150002,33.950001,35.150002,3.333070,6734100
1997-05-19,35.150002,38.099998,34.799999,38.000000,3.603317,7074800
1997-05-26,38.200001,38.400002,35.900002,36.349998,3.446856,8915100
1997-06-02,36.599998,38.750000,36.200001,38.650002,3.664952,6717000
1997-06-09,38.549999,40.450001,38.549999,40.400002,3.830896,6248200
1997-06-16,40.299999,40.599998,39.099998,40.000000,3.826281,5207500
1997-06-23,39.900002,40.250000,38.799999,38.950001,3.725842,5073400
1997-06-30,38.950001,42.349998,38.200001,42.000000,4.017594,5235800
1997-07-07,42.000000,42.650002,40.700001,41.849998,4.003248,7287000
1997-07-14,41.900002,44.250000,41.700001,42.250000,4.041509,8308800
1997-07-21,41.750000,42.849998,40.900002,41.450001,3.964983,7826800
1997-07-28,41.750000,42.299999,41.049999,41.799999,3.998463,8324200
1997-08-04,42.250000,43.099998,41.400002,42.049999,4.022376,4049400
1997-08-11,41.849998,41.950001,38.700001,39.700001,3.797583,7574300
1997-08-18,39.799999,41.400002,38.500000,39.900002,3.816714,7242900
1997-08-25,40.150002,40.500000,38.700001,39.349998,3.764102,6002100
1997-09-01,39.400002,40.299999,39.400002,39.950001,3.821498,6096500
1997-09-08,39.950001,41.200001,39.750000,40.250000,3.850194,8819600
1997-09-15,40.200001,42.700001,40.200001,42.400002,4.090194,9149000
1997-09-22,42.549999,42.799999,41.349998,41.700001,4.022668,5270700
1997-09-29,41.349998,42.250000,41.099998,41.200001,3.974435,6822100
1997-10-06,41.700001,44.500000,41.400002,42.599998,4.142268,7746800
1997-10-13,42.750000,43.700001,41.900002,42.150002,4.098513,3900200
1997-10-20,42.150002,42.849998,40.150002,40.799999,3.967243,10649300
1997-10-27,40.799999,40.799999,37.000000,39.250000,3.816527,11180700
1997-11-03,40.000000,42.000000,39.799999,40.950001,3.981828,7247200
1997-11-10,41.250000,42.000000,40.150002,42.000000,4.083926,8191100
1997-11-17,42.250000,44.049999,42.250000,42.900002,4.171438,7664800
1997-11-24,42.500000,43.750000,41.450001,43.299999,4.210335,4744700
1997-12-01,43.450001,46.250000,43.450001,45.799999,4.453424,9888500
1997-12-08,46.000000,48.150002,45.900002,46.400002,4.511766,7760400
1997-12-15,46.500000,46.700001,44.450001,45.250000,4.431500,8830800
1997-12-22,46.099998,48.000000,46.099998,46.299999,4.534329,3484800
1997-12-29,46.750000,48.750000,46.700001,47.500000,4.651849,2726900
1998-01-05,47.200001,49.299999,45.900002,46.500000,4.553916,6982000
1998-01-12,45.250000,47.950001,44.750000,47.750000,4.676332,7646200
1998-01-19,47.700001,47.900002,45.700001,46.099998,4.514741,5251400
1998-01-26,46.000000,48.299999,45.000000,45.599998,4.465775,6539900
1998-02-02,45.900002,48.099998,45.900002,47.950001,4.695920,7993900
1998-02-09,47.900002,49.299999,47.750000,48.099998,4.710610,6803700
1998-02-16,48.200001,50.000000,48.000000,49.400002,4.837924,7361200
1998-02-23,49.450001,51.000000,49.049999,50.500000,4.945649,6956700
1998-03-02,50.599998,52.500000,49.849998,52.400002,5.131723,6293000
1998-03-09,52.250000,55.599998,52.250000,54.200001,5.308004,6670400
1998-03-16,54.250000,56.750000,54.250000,55.099998,5.430433,7603100
1998-03-23,55.049999,59.900002,54.400002,59.049999,5.819728,10425200
1998-03-30,59.000000,59.500000,57.849998,58.349998,5.750740,7741500
1998-04-06,58.099998,58.400002,56.349998,56.599998,5.578269,5156200
1998-04-13,56.849998,60.049999,55.750000,59.000000,5.814799,12954000
1998-04-20,59.450001,65.500000,59.250000,62.900002,6.199171,14229200
1998-04-27,61.000000,62.099998,58.900002,61.599998,6.071045,9200500
1998-05-04,61.900002,63.599998,61.500000,63.099998,6.218880,6957400
1998-05-11,64.099998,65.000000,63.200001,64.849998,6.391354,7396800
1998-05-18,64.699997,67.000000,64.199997,67.000000,6.603246,5334100
1998-05-25,67.099998,67.750000,64.000000,67.349998,6.637743,8222200
1998-06-01,66.750000,67.300003,65.050003,66.750000,6.578609,11460900
1998-06-08,66.599998,68.050003,64.199997,65.949997,6.499763,8975900
1998-06-15,64.800003,65.199997,59.400002,60.000000,5.943563,11634800
1998-06-22,59.500000,65.199997,58.500000,63.349998,6.275410,10955400
1998-06-29,63.750000,64.000000,61.750000,62.299999,6.171400,4420900
1998-07-06,62.400002,64.400002,62.200001,63.500000,6.290272,4815100
1998-07-13,63.500000,64.949997,63.250000,63.599998,6.300176,4326400
1998-07-20,63.349998,67.199997,62.000000,62.049999,6.146633,10617000
1998-07-27,61.250000,63.000000,59.900002,60.900002,6.032716,9882100
1998-08-03,60.849998,60.849998,57.549999,60.599998,6.002996,8494800
1998-08-10,60.200001,60.400002,55.500000,55.900002,5.537417,9927700
1998-08-17,55.400002,58.900002,54.900002,55.400002,5.487890,8668900
1998-08-24,55.200001,58.900002,51.000000,52.400002,5.190709,15984800
1998-08-31,52.700001,53.849998,48.500000,51.150002,5.066886,15378700
1998-09-07,52.599998,54.299999,49.400002,52.549999,5.205571,8376000
1998-09-14,53.500000,53.799999,47.099998,48.750000,4.861683,9867600
1998-09-21,47.000000,50.250000,46.400002,47.200001,4.707108,7895900
1998-09-28,48.000000,48.400002,39.900002,42.299999,4.218445,15295200
1998-10-05,41.400002,43.349998,39.750000,43.250000,4.313186,14273300
1998-10-12,44.099998,48.750000,43.400002,47.750000,4.761958,13516200
1998-10-19,47.599998,48.750000,45.549999,46.450001,4.632310,9728400
1998-10-26,46.950001,52.799999,46.450001,52.299999,5.215713,11743900
1998-11-02,52.799999,54.000000,52.049999,53.700001,5.355333,9388900
1998-11-09,53.450001,53.700001,51.049999,52.500000,5.235659,5760400
1998-11-16,53.500000,55.000000,52.000000,54.200001,5.405193,9272200
1998-11-23,54.599998,56.000000,54.349998,55.049999,5.489964,5599700
1998-11-30,54.299999,55.599998,52.900002,53.349998,5.320426,7233800
1998-12-07,53.250000,57.500000,53.000000,53.650002,5.350345,10165200
1998-12-14,53.099998,54.799999,51.950001,53.950001,5.413793,8747000
1998-12-21,54.250000,58.400002,54.000000,58.000000,5.820204,3221400
1998-12-28,57.700001,58.500000,56.700001,57.849998,5.805146,3381500
1999-01-04,57.599998,64.099998,57.599998,62.049999,6.226611,10840000
1999-01-11,62.099998,62.250000,56.750000,62.200001,6.241664,8078200
1999-01-18,62.500000,63.650002,59.700001,60.250000,6.045985,5569500
1999-01-25,60.250000,67.949997,60.150002,67.800003,6.803615,16958300
1999-02-01,67.750000,68.150002,64.550003,64.800003,6.502572,7976400
1999-02-08,65.050003,65.199997,61.250000,62.549999,6.276787,7291000
1999-02-15,62.500000,63.299999,60.200001,61.599998,6.181454,10296300
1999-02-22,61.599998,65.150002,60.500000,61.099998,6.131283,7722700
1999-03-01,61.400002,62.599998,58.500000,62.049999,6.226611,9144200
1999-03-08,62.400002,65.500000,61.750000,64.449997,6.467447,7652000
1999-03-15,65.199997,66.250000,65.150002,65.449997,6.707276,7309000
1999-03-22,65.500000,70.400002,65.400002,70.400002,7.214551,11763000
1999-03-29,70.750000,70.750000,66.699997,68.500000,7.019838,4610800
1999-04-05,69.150002,77.000000,68.849998,74.949997,7.680829,9893800
1999-04-12,71.500000,74.800003,69.050003,70.599998,7.235043,8564400
1999-04-19,71.000000,73.800003,68.300003,72.900002,7.470748,6184300
1999-04-26,73.300003,75.349998,66.349998,66.500000,6.814877,8618200
1999-05-03,67.000000,69.000000,65.699997,66.199997,6.784134,6675400
1999-05-10,66.400002,70.099998,66.099998,67.849998,6.953226,7138700
1999-05-17,67.500000,72.199997,66.349998,70.449997,7.219674,7897900
1999-05-24,68.949997,69.349998,66.699997,67.849998,6.953226,4964700
1999-05-31,67.750000,70.050003,67.199997,69.949997,7.168432,4292200
1999-06-07,70.050003,72.900002,69.550003,71.900002,7.368268,7550600
1999-06-14,71.750000,73.949997,69.800003,73.949997,7.614407,6455800
1999-06-21,74.000000,74.050003,70.199997,71.599998,7.372433,5073700
1999-06-28,72.000000,73.699997,70.500000,73.300003,7.547481,4470100
1999-07-05,73.699997,75.449997,72.199997,73.250000,7.542329,4726700
1999-07-12,73.250000,78.099998,72.449997,76.849998,7.913012,5846600
1999-07-19,76.750000,77.150002,71.400002,72.199997,7.434213,4702900
1999-07-26,71.599998,75.500000,70.800003,75.050003,7.727669,6979700
1999-08-02,74.500000,74.699997,69.849998,70.000000,7.207686,4033100
1999-08-09,70.000000,71.449997,68.050003,70.900002,7.300360,5253900
1999-08-16,70.800003,72.000000,69.300003,70.300003,7.238577,5332700
1999-08-23,70.400002,74.599998,70.000000,72.250000,7.439363,5031800
1999-08-30,72.750000,72.900002,67.150002,69.199997,7.125311,4818900
1999-09-06,69.400002,74.599998,69.400002,74.000000,7.619555,6091000
1999-09-13,73.650002,75.250000,72.099998,74.099998,7.629852,12510200
1999-09-20,74.500000,74.500000,67.800003,68.800003,7.116827,8495600
1999-09-27,69.900002,73.199997,69.000000,71.849998,7.432324,6214900
1999-10-04,72.000000,81.699997,71.400002,81.699997,8.451230,10632200
1999-10-11,82.050003,83.449997,76.900002,77.099998,7.975399,8365000
1999-10-18,77.000000,80.500000,75.699997,80.000000,8.275378,7261300
1999-10-25,80.500000,88.800003,80.300003,88.599998,9.164982,11272200
1999-11-01,87.650002,94.750000,86.250000,92.500000,9.568408,12732700
1999-11-08,92.199997,99.500000,89.500000,97.199997,10.054587,9962900
1999-11-15,97.500000,102.750000,97.000000,102.000000,10.551107,8285400
1999-11-22,104.000000,110.250000,102.550003,109.000000,11.275204,9843600
1999-11-29,108.500000,109.449997,98.000000,106.849998,11.052807,10810500
1999-12-06,107.650002,114.000000,105.300003,113.250000,11.714834,11847900
1999-12-13,113.250000,120.000000,112.500000,117.000000,12.102744,14453000
1999-12-20,118.000000,133.000000,117.250000,133.000000,13.799245,10842100
1999-12-27,135.250000,136.000000,127.250000,131.149994,13.607304,3320900
2000-01-03,128.750000,130.899994,113.000000,126.900002,13.166349,15344600
2000-01-10,131.000000,131.399994,121.000000,122.250000,12.683892,8585300
2000-01-17,122.000000,139.300003,121.500000,138.699997,14.390642,12063700
2000-01-24,140.000000,156.000000,133.000000,142.250000,14.758965,23619900
2000-01-31,140.600006,173.800003,136.250000,171.000000,17.741888,20861300
2000-02-07,169.100006,179.500000,163.899994,170.600006,17.700394,11619600
2000-02-14,171.250000,179.949997,165.000000,172.899994,17.939014,13884500
2000-02-21,169.000000,173.000000,159.750000,161.250000,16.730284,16141900
2000-02-28,160.100006,169.750000,154.149994,167.399994,17.368376,16922500
2000-03-06,168.500000,181.399994,168.100006,177.500000,18.416285,13945900
2000-03-13,168.000000,182.500000,167.899994,173.399994,17.990904,20528300
2000-03-20,177.000000,200.199997,174.000000,196.250000,20.518887,14357100
2000-03-27,197.000000,200.000000,174.050003,181.000000,18.924431,15885900
2000-04-03,181.500000,183.250000,151.000000,175.500000,18.349375,18724100
2000-04-10,181.000000,182.350006,135.850006,139.000000,14.533118,17289800
2000-04-17,135.000000,162.000000,135.000000,153.100006,16.007343,13718200
2000-04-24,150.000000,176.750000,145.500000,171.500000,17.931150,21261500
2000-05-01,174.899994,181.500000,40.299999,41.000000,4.286747,49833900
2000-05-08,40.500000,40.500000,35.950001,38.150002,16.829031,36846500
2000-05-15,38.750000,39.500000,33.049999,33.799999,14.910112,35730400
2000-05-22,33.900002,33.950001,31.799999,32.650002,14.402822,31720800
2000-05-29,33.000000,35.799999,32.750000,34.900002,15.395361,20487300
2000-06-05,35.200001,38.299999,34.950001,37.950001,16.740805,25365000
2000-06-12,38.599998,38.650002,34.250000,35.049999,15.461527,27314400
2000-06-19,35.049999,37.099998,34.299999,35.450001,15.765470,16054000
2000-06-26,35.450001,36.200001,34.349998,35.099998,15.609816,9664700
2000-07-03,36.000000,37.299999,35.599998,37.000000,16.454788,8345500
2000-07-10,37.000000,37.450001,36.099998,37.000000,16.454788,11248100
2000-07-17,37.200001,37.549999,35.250000,35.450001,15.765470,10822700
2000-07-24,36.000000,36.150002,34.049999,34.599998,15.387448,11778700
2000-07-31,34.700001,34.900002,32.900002,33.200001,14.764838,11643300
2000-08-07,33.200001,34.900002,32.200001,34.750000,15.454158,12895900
2000-08-14,34.950001,34.950001,33.700001,34.150002,15.187324,6070300
2000-08-21,34.150002,34.700001,33.099998,33.299999,14.809311,8326300
2000-08-28,33.599998,34.099998,32.849998,33.450001,14.876013,11398500
2000-09-04,33.500000,33.650002,30.950001,31.750000,14.119987,13749600
2000-09-11,32.900002,35.750000,31.950001,35.049999,15.587570,17843100
2000-09-18,35.500000,35.750000,33.650002,34.450001,15.455526,8957000
2000-09-25,35.750000,36.000000,34.599998,35.049999,15.724702,13170100
2000-10-02,35.349998,36.849998,33.549999,36.500000,16.375231,13960900
2000-10-09,36.500000,37.500000,34.750000,35.849998,16.083612,8803800
2000-10-16,36.200001,36.200001,33.700001,35.450001,15.904166,11113000
2000-10-23,35.400002,39.900002,35.349998,39.900002,17.900591,17471000
2000-10-30,39.900002,42.450001,39.349998,42.349998,18.999752,27836200
2000-11-06,42.250000,43.099998,39.799999,40.400002,18.124914,15960700
2000-11-13,39.700001,42.049999,39.349998,40.799999,18.304363,12827200
2000-11-20,40.500000,42.599998,39.099998,42.250000,18.954893,12803400
2000-11-27,43.000000,43.099998,40.750000,42.000000,18.842731,17253000
2000-12-04,42.000000,42.450001,41.150002,42.049999,18.865162,16112100
2000-12-11,42.000000,44.900002,41.799999,44.200001,19.829735,22725100
2000-12-18,44.799999,45.000000,40.799999,42.049999,18.997698,14911800
2000-12-25,41.799999,43.900002,41.200001,43.299999,19.562443,2679800
2001-01-01,43.799999,44.049999,41.099998,42.000000,18.975115,10264000
2001-01-08,41.650002,41.950001,39.900002,41.099998,18.568508,13798900
2001-01-15,41.200001,41.849998,39.750000,40.700001,18.387785,13999000
2001-01-22,40.799999,43.700001,40.549999,42.500000,19.201006,17291400
2001-01-29,42.400002,43.000000,42.250000,42.500000,19.201006,9990500
2001-02-05,42.500000,42.990002,41.360001,41.799999,18.884768,7458000
2001-02-12,41.599998,42.040001,38.299999,39.360001,17.782396,9292200
2001-02-19,39.000000,40.750000,38.500000,39.450001,17.823053,13677000
2001-02-26,39.599998,41.310001,39.099998,39.849998,18.003767,8868000
2001-03-05,39.900002,40.750000,39.450001,40.020000,18.080582,6733400
2001-03-12,39.799999,40.150002,37.200001,37.500000,16.942068,14870900
2001-03-19,37.900002,38.700001,34.610001,36.049999,16.411304,10350400
2001-03-26,37.000000,37.000000,34.610001,35.439999,16.133604,16656300
2001-04-02,35.250000,36.240002,34.520000,34.650002,15.773973,11181700
2001-04-09,35.189999,37.500000,35.000000,37.020000,16.852877,14424800
2001-04-16,37.000000,39.200001,36.750000,38.750000,17.640436,11920000
2001-04-23,38.500000,40.099998,37.509998,39.380001,17.927242,9720200
2001-04-30,39.349998,39.840000,37.680000,39.200001,17.845293,8732500
2001-05-07,39.000000,39.480000,38.599998,39.340000,17.909039,7753000
2001-05-14,39.250000,41.500000,38.799999,41.349998,18.824064,7588100
2001-05-21,41.000000,41.200001,39.700001,39.750000,18.095680,3986000
2001-05-28,40.000000,40.000000,38.869999,39.500000,17.981867,4033400
2001-06-04,39.799999,39.849998,38.900002,39.200001,17.845293,7930100
2001-06-11,39.099998,39.799999,38.000000,38.250000,17.412823,6107600
2001-06-18,38.000000,39.779999,36.500000,39.650002,18.187523,7762700
2001-06-25,39.650002,41.099998,38.500000,40.700001,18.669159,8173600
2001-07-02,40.650002,40.700001,39.900002,40.000000,18.348068,4723700
2001-07-09,40.099998,41.200001,39.750000,41.200001,18.898512,5418300
2001-07-16,40.849998,42.099998,39.959999,40.450001,18.554487,8965200
2001-07-23,40.700001,41.549999,39.750000,41.490002,19.031546,7375200
2001-07-30,41.230000,41.720001,40.650002,41.299999,18.944386,7359100
2001-08-06,41.020000,41.700001,40.900002,41.490002,19.031546,3021600
2001-08-13,41.689999,41.689999,40.500000,40.880001,18.751728,4957900
2001-08-20,40.799999,41.250000,39.900002,40.009998,18.352650,4210800
2001-08-27,40.080002,40.619999,37.750000,38.299999,17.568274,9423200
2001-09-03,38.650002,39.200001,37.959999,38.200001,17.522404,6142600
2001-09-10,38.000000,38.700001,36.400002,36.500000,16.742613,4438300
2001-09-17,35.509998,37.500000,32.250000,33.400002,15.320643,20293500
2001-09-24,34.250000,35.500000,33.549999,34.470001,15.811450,15485800
2001-10-01,34.500000,36.650002,33.950001,35.700001,16.375660,9299500
2001-10-08,35.389999,37.200001,35.299999,36.930000,16.939856,5093000
2001-10-15,36.410000,38.349998,36.410000,37.889999,17.380207,7563100
2001-10-22,37.950001,38.349998,35.290001,35.950001,16.490328,9494400
2001-10-29,35.849998,35.900002,34.700001,35.279999,16.182997,6512600
2001-11-05,35.299999,36.900002,34.860001,36.299999,16.650869,7907200
2001-11-12,35.900002,37.750000,35.549999,37.700001,17.293064,7669000
2001-11-19,37.980000,38.340000,37.299999,38.340000,17.586620,4373400
2001-11-26,38.200001,38.689999,36.049999,36.389999,16.692158,12259400
2001-12-03,35.799999,36.250000,33.250000,34.700001,15.916945,15624500
2001-12-10,34.599998,36.849998,34.259998,36.000000,16.513266,14902600
2001-12-17,35.799999,37.180000,35.570000,36.200001,16.749987,15921900
2001-12-24,36.000000,36.200001,35.000000,36.000000,16.657442,2849600
2001-12-31,36.049999,36.669998,35.450001,36.279999,16.786999,4221100
2002-01-07,36.400002,37.139999,35.349998,35.849998,16.588030,8344700
2002-01-14,35.840000,35.980000,34.970001,35.520000,16.435347,4916400
2002-01-21,35.549999,35.750000,33.950001,34.299999,15.870842,9009000
2002-01-28,34.570000,35.759998,33.910000,35.500000,16.426086,8383200
2002-02-04,35.299999,36.049999,33.650002,33.919998,15.695011,10999700
2002-02-11,34.000000,34.189999,32.509998,32.830002,15.190662,12259300
2002-02-18,32.990002,33.599998,32.500000,32.570000,15.070357,10406900
2002-02-25,32.680000,34.380001,32.549999,34.150002,15.801429,11286700
2002-03-04,34.310001,34.880001,33.799999,34.250000,15.847710,9360900
2002-03-11,34.400002,34.830002,33.849998,34.430000,15.930994,16180600
2002-03-18,34.049999,34.400002,31.299999,31.450001,14.680944,18959300
2002-03-25,30.660000,30.799999,27.480000,27.980000,13.061146,32126300
2002-04-01,27.600000,29.480000,27.480000,28.150000,13.140493,23574900
2002-04-08,27.500000,27.590000,23.200001,23.969999,11.189259,45556000
2002-04-15,24.000000,25.299999,23.299999,24.270000,11.329300,19658800
2002-04-22,24.080000,28.080000,22.969999,27.020000,12.613008,36094000
2002-04-29,27.049999,27.629999,25.520000,26.000000,12.136874,18018900
2002-05-06,25.650000,26.910000,25.650000,26.410000,12.328256,12116800
2002-05-13,26.490000,26.820000,25.750000,26.700001,12.463626,14171700
2002-05-20,26.600000,26.650000,25.480000,25.660000,11.978157,8401700
2002-05-27,25.600000,28.500000,25.070000,28.340000,13.229188,38879100
2002-06-03,28.299999,29.379999,27.750000,27.910000,13.028460,12285200
2002-06-10,27.910000,28.450001,26.299999,27.160000,12.678361,13739200
2002-06-17,27.500000,28.120001,25.549999,25.549999,12.057393,12990900
2002-06-24,25.690001,27.000000,24.400000,26.389999,12.453799,17465100
2002-07-01,26.450001,28.639999,25.900000,28.500000,13.449538,9877700
2002-07-08,28.250000,28.430000,27.100000,27.549999,13.001223,13666700
2002-07-15,26.950001,27.100000,25.480000,25.879999,12.213125,12982200
2002-07-22,25.549999,25.549999,23.150000,24.299999,11.467502,21433800
2002-07-29,24.750000,26.770000,24.400000,25.700001,12.128182,9858300
2002-08-05,25.600000,26.889999,24.760000,26.750000,12.623692,9669100
2002-08-12,26.600000,28.299999,26.350000,27.799999,13.119203,21861100
2002-08-19,27.969999,28.549999,27.400000,27.500000,12.977623,11904000
2002-08-26,27.650000,28.549999,27.290001,28.400000,13.402351,8242100
2002-09-02,28.299999,28.889999,28.010000,28.299999,13.355157,8545700
2002-09-09,28.100000,29.200001,27.570000,27.910000,13.171107,17663900
2002-09-16,27.639999,28.379999,27.639999,28.350000,13.520528,8581200
2002-09-23,28.020000,28.250000,27.500000,28.000000,13.353606,9034800
2002-09-30,27.700001,28.799999,27.320000,27.600000,13.162841,12453800
2002-10-07,27.600000,27.840000,24.150000,26.000000,12.399783,28567200
2002-10-14,26.500000,27.049999,25.990000,26.889999,12.824234,11369900
2002-10-21,26.889999,28.000000,26.400000,27.950001,13.329758,16073700
2002-10-28,28.000000,28.250000,26.770000,27.240000,12.991145,9121500
2002-11-04,27.600000,28.799999,27.299999,28.549999,13.615909,11082300
2002-11-11,28.549999,28.559999,27.500000,28.190001,13.444220,7867800
2002-11-18,28.450001,28.860001,27.799999,28.340000,13.515757,7632100
2002-11-25,28.250000,29.100000,27.760000,28.500000,13.592063,8715500
2002-12-02,29.000000,29.070000,28.150000,28.510000,13.596829,10942700
2002-12-09,28.510000,28.799999,28.000000,28.250000,13.472836,7979900
2002-12-16,28.000000,28.850000,27.330000,28.700001,13.832799,13507500
2002-12-23,28.549999,28.920000,28.500000,28.500000,13.736404,1798100
2002-12-30,28.549999,29.100000,28.280001,28.910000,13.934015,3632200
2003-01-06,29.049999,29.820000,29.000000,29.580000,14.256941,11717700
2003-01-13,29.799999,30.459999,29.549999,29.850000,14.387078,10955000
2003-01-20,29.750000,30.150000,28.750000,28.930000,13.943654,8386200
2003-01-27,28.620001,29.360001,28.360001,28.910000,13.934015,9766600
2003-02-03,28.709999,29.240000,28.129999,28.260000,13.620733,5547900
2003-02-10,28.260000,28.700001,27.950001,28.650000,13.808702,6143900
2003-02-17,28.650000,29.170000,27.950001,28.170000,13.577352,7100700
2003-02-24,28.070000,28.350000,27.700001,27.770000,13.384560,7051800
2003-03-03,27.750000,28.139999,26.530001,27.000000,13.013436,7449800
2003-03-10,26.950001,27.200001,26.469999,26.799999,12.917041,8658900
2003-03-17,26.650000,28.270000,26.600000,28.000000,13.647675,10072200
2003-03-24,27.799999,28.000000,26.879999,27.340000,13.325981,7225200
2003-03-31,27.100000,28.850000,26.850000,28.350000,13.818270,7467800
2003-04-07,28.650000,29.000000,27.450001,28.000000,13.647675,7202400
2003-04-14,28.020000,28.559999,27.790001,28.200001,13.745160,6444800
2003-04-21,28.389999,28.549999,28.000000,28.549999,13.915753,7917500
2003-04-28,28.500000,28.900000,28.000000,28.400000,13.842647,11123100
2003-05-05,28.450001,28.750000,28.000000,28.049999,13.672046,10063100
2003-05-12,28.049999,28.590000,28.000000,28.299999,13.793900,7923600
2003-05-19,28.299999,29.160000,28.000000,29.000000,14.135087,10167300
2003-05-26,29.120001,30.190001,29.070000,30.129999,14.685874,11557300
2003-06-02,30.410000,30.809999,30.129999,30.520000,14.875967,9138100
2003-06-09,30.580000,31.080000,30.150000,30.340000,14.788231,9019500
2003-06-16,30.500000,31.990000,30.420000,31.660000,15.582124,8905400
2003-06-23,31.650000,31.650000,30.170000,31.139999,15.326192,6373800
2003-06-30,31.000000,31.370001,30.660000,31.000000,15.257292,5582400
2003-07-07,31.200001,31.570000,30.600000,30.920000,15.217920,6021900
2003-07-14,31.180000,31.450001,30.200001,30.540001,15.030900,6419200
2003-07-21,30.650000,31.290001,30.209999,31.240000,15.375414,10509700
2003-07-28,31.250000,32.369999,30.600000,30.879999,15.198228,16971900
2003-08-04,31.000000,31.059999,29.870001,30.000000,14.765123,7684100
2003-08-11,30.100000,31.100000,30.000000,30.520000,15.021049,7533800
2003-08-18,30.770000,30.889999,30.150000,30.150000,14.838946,6813800
2003-08-25,30.150000,30.600000,29.940001,30.030001,14.779885,11459800
2003-09-01,30.309999,30.719999,29.950001,30.379999,14.952144,12096100
2003-09-08,30.549999,30.620001,29.900000,30.010000,14.770049,8666600
2003-09-15,30.049999,30.150000,29.809999,29.990000,14.907800,10390100
2003-09-22,29.980000,30.000000,28.700001,29.260000,14.544930,15839600
2003-09-29,29.450001,29.580000,28.740000,29.040001,14.435564,10764300
2003-10-06,29.040001,29.040001,28.510000,28.940001,14.385856,10220400
2003-10-13,28.850000,29.799999,28.740000,29.559999,14.694055,8806700
2003-10-20,29.600000,29.790001,28.260000,28.780001,14.306322,9189900
2003-10-27,28.889999,29.950001,28.719999,29.850000,14.838209,11348500
2003-11-03,29.950001,29.959999,29.379999,29.549999,14.689086,9251500
2003-11-10,29.299999,29.549999,28.990000,29.049999,14.440536,5773000
2003-11-17,29.049999,29.670000,28.940001,29.400000,14.614514,8108600
2003-11-24,29.500000,29.730000,28.850000,28.870001,14.351059,6791200
2003-12-01,29.020000,29.629999,28.510000,29.410000,14.619493,10354900
2003-12-08,29.639999,30.030001,29.129999,29.320000,14.574752,8194000
2003-12-15,29.450001,29.520000,28.730000,28.820000,14.472992,16890700
2003-12-22,28.850000,28.889999,28.370001,28.410000,14.267094,5536800
2003-12-29,28.500000,29.320000,28.500000,29.120001,14.623649,5541400
2004-01-05,29.299999,29.700001,28.580000,28.600000,14.362508,19045500
2004-01-12,28.660000,29.200001,28.490000,29.200001,14.663817,16609500
2004-01-19,29.230000,30.250000,29.010000,29.959999,15.045481,20474100
2004-01-26,29.900000,30.280001,29.379999,29.549999,14.839583,13911500
2004-02-02,29.559999,29.980000,29.010000,29.260000,14.693953,12702700
2004-02-09,29.299999,29.500000,28.600000,28.750000,14.437833,16842000
2004-02-16,28.889999,29.180000,28.570000,28.620001,14.372549,13652000
2004-02-23,28.549999,29.350000,28.360001,29.290001,14.709018,11479700
2004-03-01,29.250000,29.389999,28.809999,29.150000,14.638706,13291100
2004-03-08,29.170000,29.280001,28.500000,28.680000,14.402680,10568400
2004-03-15,28.740000,28.750000,27.760000,28.200001,14.308898,16078400
2004-03-22,28.000000,28.190001,27.440001,27.799999,14.105937,10807700
2004-03-29,27.799999,28.400000,27.340000,28.350000,14.385006,11448200
2004-04-05,28.450001,28.860001,27.910000,27.950001,14.182037,8008900
2004-04-12,27.950001,28.100000,27.490000,27.850000,14.131301,8365200
2004-04-19,27.930000,28.049999,27.650000,27.840000,14.126228,6456400
2004-04-26,27.850000,27.950001,26.510000,27.590000,13.999378,15264400
2004-05-03,27.719999,28.299999,27.049999,27.600000,14.004450,16468200
2004-05-10,27.549999,27.580000,26.389999,27.389999,13.897902,10471900
2004-05-17,27.000000,27.330000,26.500000,26.740000,13.568081,8044400
2004-05-24,26.700001,27.290001,26.660000,27.180000,13.791343,7053000
2004-05-31,27.150000,27.469999,26.889999,26.969999,13.684781,4902600
2004-06-07,27.350000,27.350000,26.719999,26.790001,13.593451,6181700
2004-06-14,26.750000,26.750000,25.639999,25.750000,13.213054,17698700
2004-06-21,26.000000,26.680000,25.750000,26.330000,13.510663,9018700
2004-06-28,26.500000,26.990000,26.080000,26.500000,13.597895,6653600
2004-07-05,26.500000,26.980000,26.000000,26.379999,13.536319,9146200
2004-07-12,26.500000,26.790001,25.719999,25.900000,13.290015,12221500
2004-07-19,26.020000,26.850000,25.850000,26.700001,13.700519,8306500
2004-07-26,26.559999,28.000000,26.100000,27.980000,14.357325,12892600
2004-08-02,27.900000,28.020000,26.830000,26.860001,13.782621,7685500
2004-08-09,27.150000,27.700001,26.950001,27.500000,14.111019,6875700
2004-08-16,27.500000,27.850000,26.799999,27.639999,14.182860,6351500
2004-08-23,27.660000,27.809999,26.950001,27.150000,13.931429,6552200
2004-08-30,27.150000,27.650000,27.059999,27.500000,14.111019,6600500
2004-09-06,27.650000,28.639999,27.650000,28.480000,14.613889,9851500
2004-09-13,28.250000,28.540001,27.770000,28.400000,14.572839,15158400
2004-09-20,28.250000,28.590000,28.100000,28.549999,14.805763,5537600
2004-09-27,28.250000,28.330000,27.200001,27.799999,14.416826,9684800
2004-10-04,28.000000,28.320000,27.549999,27.639999,14.333850,6428700
2004-10-11,27.639999,28.240000,27.500000,28.180000,14.613885,6859700
2004-10-18,28.240000,28.650000,28.080000,28.340000,14.696865,9397200
2004-10-25,28.250000,28.629999,27.950001,28.290001,14.670931,6111400
2004-11-01,28.250000,28.389999,27.600000,27.650000,14.339034,7541700
2004-11-08,27.700001,28.600000,27.150000,28.540001,14.800587,7842400
2004-11-15,28.350000,29.219999,28.350000,28.540001,14.800587,10377700
2004-11-22,28.330000,29.090000,28.330000,28.750000,14.909483,9005300
2004-11-29,28.879999,28.980000,27.980000,28.490000,14.774649,11799200
2004-12-06,28.430000,28.809999,28.049999,28.549999,14.805763,8154300
2004-12-13,28.360001,29.330000,28.209999,29.150000,15.116921,14988900
2004-12-20,29.090000,29.230000,28.809999,28.980000,15.188357,5276500
2004-12-27,28.940001,29.150000,28.809999,28.920000,15.156916,1782400
2005-01-03,28.750000,30.080000,28.750000,29.700001,15.565708,9013000
2005-01-10,29.700001,30.040001,29.400000,29.900000,15.670525,11126000
2005-01-17,29.760000,30.110001,29.250000,29.780001,15.607635,9030200
2005-01-24,29.820000,29.940001,29.280001,29.410000,15.413721,7522200
2005-01-31,29.420000,29.590000,28.709999,28.969999,15.183114,11149200
2005-02-07,29.049999,29.809999,28.950001,29.270000,15.340346,8933500
2005-02-14,29.150000,29.520000,29.070000,29.270000,15.340346,5797500
2005-02-21,29.299999,29.690001,29.219999,29.260000,15.335108,8591900
2005-02-28,29.250000,29.990000,28.750000,29.299999,15.356069,11559100
2005-03-07,29.330000,29.879999,29.299999,29.420000,15.418962,12565800
2005-03-14,29.400000,29.990000,29.299999,29.990000,15.893994,11094100
2005-03-21,29.950001,30.070000,29.799999,29.910000,15.851602,10162000
2005-03-28,29.900000,30.250000,29.870001,30.049999,15.925801,11099400
2005-04-04,29.900000,30.459999,29.870001,29.969999,15.883395,8188000
2005-04-11,29.969999,30.459999,29.870001,29.950001,15.872800,15588800
2005-04-18,30.000000,30.290001,29.760000,30.049999,15.925801,10901300
2005-04-25,29.969999,30.299999,29.809999,30.200001,16.005293,6984200
2005-05-02,30.100000,30.240000,29.580000,29.750000,15.766809,15837000
2005-05-09,29.709999,29.910000,28.559999,28.799999,15.263330,12751100
2005-05-16,28.799999,29.299999,28.330000,29.020000,15.379926,10918800
2005-05-23,29.049999,29.110001,28.750000,28.830000,15.279224,7192900
2005-05-30,28.860001,28.990000,28.350000,28.740000,15.231538,8181500
2005-06-06,28.750000,29.740000,28.680000,29.510000,15.639610,8237300
2005-06-13,29.299999,29.500000,28.670000,29.000000,15.369326,17108700
2005-06-20,28.959999,29.500000,28.870001,29.379999,15.746806,7377100
2005-06-27,29.280001,29.549999,29.000000,29.000000,15.543139,7291800
2005-07-04,29.250000,29.500000,28.830000,29.320000,15.714646,7414400
2005-07-11,29.280001,29.559999,29.139999,29.480000,15.800399,6179700
2005-07-18,29.580000,30.139999,29.350000,29.879999,16.014790,7371200
2005-07-25,29.760000,30.120001,29.370001,29.650000,15.891522,9789400
2005-08-01,29.750000,30.660000,29.650000,30.480000,16.336378,11199800
2005-08-08,30.420000,31.330000,30.350000,30.620001,16.411407,8790400
2005-08-15,30.750000,31.270000,30.250000,30.660000,16.432852,6429700
2005-08-22,30.549999,30.670000,30.049999,30.219999,16.197020,11320300
2005-08-29,30.049999,31.610001,29.990000,31.600000,16.936653,12507200
2005-09-05,31.500000,32.470001,31.370001,32.250000,17.285046,10226500
2005-09-12,32.330002,32.560001,31.799999,32.369999,17.349352,18762800
2005-09-19,32.299999,33.000000,30.500000,31.940001,17.294769,25260300
2005-09-26,32.000000,32.209999,31.129999,31.850000,17.246038,13255200
2005-10-03,31.700001,31.809999,30.450001,30.750000,16.650412,14976200
2005-10-10,30.770000,30.950001,30.010000,30.639999,16.590847,8281000
2005-10-17,30.350000,30.600000,28.600000,29.070000,15.740728,13071000
2005-10-24,29.129999,29.490000,28.740000,28.860001,15.627019,8298400
2005-10-31,28.940001,29.559999,26.910000,27.820000,15.063886,18954600
2005-11-07,27.660000,27.760000,27.150000,27.250000,14.755240,11697000
2005-11-14,27.240000,27.459999,26.940001,27.000000,14.619877,12144100
2005-11-21,26.950001,30.500000,26.450001,28.750000,15.567457,19417600
2005-11-28,28.750000,29.000000,27.559999,27.900000,15.107199,14235200
2005-12-05,27.860001,28.020000,27.030001,27.400000,14.836463,13464500
2005-12-12,27.450001,27.559999,26.750000,27.370001,14.820227,14794500
2005-12-19,27.750000,27.950001,27.379999,27.530001,15.089794,7109400
2005-12-26,27.690001,28.000000,27.620001,27.870001,15.276163,2774000
2006-01-02,27.750000,28.049999,27.620001,27.980000,15.336458,5953300
2006-01-09,27.980000,28.850000,27.650000,28.500000,15.621473,19445600
2006-01-16,28.549999,29.040001,27.180000,27.559999,15.106236,16097900
2006-01-23,27.590000,27.900000,27.309999,27.400000,15.018538,8626700
2006-01-30,27.480000,28.799999,27.150000,27.180000,14.897961,27104100
2006-02-06,27.160000,27.670000,27.080000,27.370001,15.002102,12624200
2006-02-13,27.299999,27.430000,27.010000,27.200001,14.908916,11772500
2006-02-20,27.150000,27.219999,26.559999,26.870001,14.728037,11445500
2006-02-27,26.820000,27.620001,26.820000,27.520000,15.084312,8897500
2006-03-06,27.549999,28.950001,27.370001,28.840000,15.807840,12998200
2006-03-13,28.520000,28.850000,28.100000,28.650000,15.703698,10192300
2006-03-20,28.600000,28.860001,28.190001,28.469999,15.785659,10764300
2006-03-27,28.400000,28.540001,28.049999,28.129999,15.597137,12667100
2006-04-03,28.100000,28.530001,27.700001,27.879999,15.458525,11016700
2006-04-10,27.760000,28.350000,27.760000,28.340000,15.713573,7498000
2006-04-17,28.350000,28.459999,27.730000,27.900000,15.469608,7654800
2006-04-24,27.850000,28.230000,27.500000,27.549999,15.275549,7714200
2006-05-01,27.650000,27.750000,26.760000,26.889999,14.909598,11777600
2006-05-08,27.000000,27.139999,26.400000,26.570000,14.732172,9983300
2006-05-15,26.570000,26.870001,26.150000,26.660000,14.782073,10750800
2006-05-22,26.600000,26.709999,26.120001,26.420000,14.649006,8452200
2006-05-29,26.350000,27.059999,26.350000,27.010000,14.976141,6504300
2006-06-05,27.010000,27.809999,26.910000,27.530001,15.264459,12735000
2006-06-12,27.559999,27.750000,26.100000,26.100000,14.471570,15786600
2006-06-19,26.139999,26.990000,26.100000,26.250000,14.730228,7354900
2006-06-26,26.240000,26.490000,25.910000,26.379999,14.803173,7489400
2006-07-03,26.379999,26.400000,25.950001,26.340000,14.780732,5674900
2006-07-10,26.230000,26.959999,26.080000,26.350000,14.786342,8703700
2006-07-17,26.250000,26.780001,25.559999,25.559999,14.343036,8569200
2006-07-24,25.629999,26.570000,25.320000,26.360001,14.791961,10633200
2006-07-31,26.160000,26.250000,25.410000,26.080000,14.634834,13335300
2006-08-07,26.150000,26.990000,26.080000,26.700001,14.982744,7751400
2006-08-14,26.650000,27.709999,26.650000,27.480000,15.420444,15685400
2006-08-21,27.250000,27.690001,27.129999,27.590000,15.482169,7715300
2006-08-28,27.469999,28.000000,27.209999,27.299999,15.319436,7459000
2006-09-04,27.350000,27.650000,27.010000,27.350000,15.347497,5472800
2006-09-11,28.590000,30.900000,28.500000,29.420000,16.509075,49394200
2006-09-18,29.350000,30.719999,29.010000,30.690001,17.408686,12295000
2006-09-25,30.549999,31.100000,29.950001,30.320000,17.198809,10235700
2006-10-02,30.200001,31.879999,30.100000,31.360001,17.788738,14584300
2006-10-09,31.400000,34.250000,31.200001,32.750000,18.577208,53526600
2006-10-16,32.549999,32.750000,30.830000,31.110001,17.646927,15707900
2006-10-23,31.170000,32.250000,30.780001,31.219999,17.709326,12941700
2006-10-30,31.280001,31.830000,27.379999,27.629999,15.672929,28609300
2006-11-06,27.799999,27.940001,27.400000,27.459999,15.576493,11918200
2006-11-13,27.459999,27.629999,26.790001,27.250000,15.457371,10209000
2006-11-20,27.170000,27.740000,27.090000,27.700001,15.712634,11292300
2006-11-27,27.719999,28.340000,27.549999,27.969999,15.865787,10083200
2006-12-04,28.100000,29.030001,28.000000,28.809999,16.342268,47670800
2006-12-11,28.809999,30.629999,28.750000,29.910000,16.966238,33328500
2006-12-18,30.400000,31.379999,30.020000,30.510000,17.496956,13735500
2006-12-25,30.750000,31.500000,30.610001,31.400000,18.007353,3699900
2007-01-01,31.350000,31.639999,30.190001,30.190001,17.313442,7105100
2007-01-08,30.280001,30.580000,29.730000,29.830000,17.106985,9036500
2007-01-15,29.830000,29.920000,29.120001,29.260000,16.780100,9675800
2007-01-22,29.350000,30.549999,28.950001,30.469999,17.474022,9642800
2007-01-29,30.540001,31.480000,30.200001,30.750000,17.634590,11573700
2007-02-05,30.980000,31.350000,30.070000,30.280001,17.365053,17469600
2007-02-12,30.450001,31.950001,30.190001,31.770000,18.219543,12964300
2007-02-19,31.799999,32.000000,31.160000,31.430000,18.024561,10273900
2007-02-26,31.309999,31.680000,30.010000,30.200001,17.319178,11039900
2007-03-05,30.110001,31.059999,30.010000,30.719999,17.617392,13179900
2007-03-12,30.730000,30.900000,29.900000,30.150000,17.290504,12974000
2007-03-19,30.230000,30.860001,30.160000,30.350000,17.614206,8896900
2007-03-26,30.410000,33.599998,29.900000,32.650002,18.949057,27498200
2007-04-02,32.500000,33.049999,32.150002,32.939999,19.117367,8903200
2007-04-09,32.820000,35.080002,32.520000,34.840000,20.220064,28242900
2007-04-16,35.500000,40.310001,35.310001,39.750000,23.069681,91161400
2007-04-23,39.500000,39.900002,38.500000,38.750000,22.489305,41509100
2007-04-30,38.500000,38.610001,36.889999,37.599998,21.821890,21888500
2007-05-07,37.500000,38.029999,36.880001,37.200001,21.589741,16078300
2007-05-14,37.060001,39.020000,36.900002,38.720001,22.471903,18456000
2007-05-21,37.750000,39.740002,37.750000,39.410000,22.872358,18702500
2007-05-28,39.349998,39.849998,39.200001,39.770000,23.081282,36692100
2007-06-04,39.369999,39.680000,38.950001,39.630001,23.000040,23500700
2007-06-11,39.610001,39.950001,38.750000,39.189999,22.744675,20763300
2007-06-18,39.200001,40.880001,39.090000,40.160000,23.524632,36014500
2007-06-25,40.299999,41.139999,39.000000,40.340000,23.630064,42638400
2007-07-02,41.700001,41.799999,41.130001,41.740002,24.450151,30346500
2007-07-09,41.660000,41.759998,41.099998,41.200001,24.133829,20890200
2007-07-16,41.200001,41.410000,40.549999,41.169998,24.116262,27691100
2007-07-23,41.169998,41.200001,39.880001,40.000000,23.430906,27054800
2007-07-30,40.099998,40.520000,39.400002,39.430000,23.097013,71054400
2007-08-06,39.500000,39.689999,37.549999,38.849998,22.757269,54743400
2007-08-13,39.450001,39.650002,37.730000,38.599998,22.610813,61396400
2007-08-20,38.660000,40.189999,38.660000,39.970001,23.413334,52137800
2007-08-27,39.799999,40.450001,39.529999,40.389999,23.659359,20439900
2007-09-03,40.480000,40.919998,40.180000,40.849998,23.928810,32998600
2007-09-10,40.759998,41.000000,40.160000,40.189999,23.542202,21151400
2007-09-17,40.290001,40.730000,39.950001,40.150002,23.730755,41720200
2007-09-24,40.150002,40.250000,39.790001,39.900002,23.582993,19071600
2007-10-01,39.939999,40.259998,39.840000,40.250000,23.789862,23846900
2007-10-08,40.250000,40.750000,40.250000,40.660000,24.032192,11039200
2007-10-15,40.619999,40.959999,40.580002,40.660000,24.032192,17080200
2007-10-22,40.730000,41.169998,40.459999,41.080002,24.280428,17887600
2007-10-29,41.020000,41.250000,40.830002,40.900002,24.174049,12709500
2007-11-05,40.799999,41.049999,39.930000,39.990002,23.636183,15422000
2007-11-12,40.099998,40.750000,39.919998,40.080002,23.689388,15497800
2007-11-19,40.080002,40.080002,39.279999,39.639999,23.429316,17345700
2007-11-26,39.750000,39.880001,38.700001,39.310001,23.234272,33150500
2007-12-03,39.400002,39.720001,38.779999,39.650002,23.435226,25403200
2007-12-10,39.650002,39.820000,37.250000,38.599998,22.814625,27945300
2007-12-17,38.599998,39.080002,38.400002,38.939999,23.230303,21888800
2007-12-24,39.000000,39.540001,38.970001,39.500000,23.564375,5357300
2007-12-31,39.500000,39.709999,39.009998,39.029999,23.283987,8822700
2008-01-07,39.080002,39.169998,38.049999,38.849998,23.176603,23752700
2008-01-14,39.040001,39.040001,35.060001,36.369999,21.697119,35688400
2008-01-21,35.000000,37.509998,33.730000,36.290001,21.649395,50135000
2008-01-28,35.000000,36.049999,33.299999,36.000000,21.476387,65661600
2008-02-04,36.349998,36.590000,34.500000,35.650002,21.267595,45081800
2008-02-11,36.000000,36.599998,35.060001,35.209999,21.005102,24091400
2008-02-18,35.450001,36.169998,35.150002,35.889999,21.410765,17800900
2008-02-25,36.049999,37.549999,35.570000,35.669998,21.279522,24294300
2008-03-03,35.750000,36.980000,35.299999,35.799999,21.357075,23884400
2008-03-10,37.750000,38.889999,36.169998,37.240002,22.216133,52527200
2008-03-17,36.139999,37.770000,35.439999,36.860001,22.199081,21836800
2008-03-24,37.000000,37.439999,34.680000,35.230000,21.217405,44225800
2008-03-31,35.150002,36.029999,34.500000,36.000000,21.681137,24481900
2008-04-07,36.099998,37.400002,35.590000,36.759998,22.138849,21181500
2008-04-14,36.810001,38.000000,36.509998,37.849998,22.795307,17625100
2008-04-21,37.849998,38.369999,37.020000,37.400002,22.524296,18973700
2008-04-28,37.200001,37.480000,35.959999,37.349998,22.494188,20733100
2008-05-05,37.430000,37.840000,36.279999,37.299999,22.464064,21223700
2008-05-12,37.200001,39.610001,37.049999,38.820000,23.379499,39693800
2008-05-19,37.000000,37.889999,31.799999,33.599998,20.235729,57758300
2008-05-26,34.000000,35.200001,33.299999,35.049999,21.108997,30810500
2008-06-02,35.000000,35.250000,34.270000,34.790001,20.952415,23577400
2008-06-09,34.599998,34.750000,33.130001,33.650002,20.265846,23674300
2008-06-16,33.250000,35.160000,33.250000,34.599998,20.837984,43544300
2008-06-23,38.119999,38.119999,36.549999,36.759998,22.138849,52499200
2008-06-30,35.240002,39.880001,35.000000,39.639999,23.873343,41033400
2008-07-07,39.680000,39.700001,38.599998,39.250000,23.638460,44959300
2008-07-14,39.250000,39.279999,38.259998,38.680000,23.295181,32422900
2008-07-21,39.000000,39.070000,38.500000,38.900002,23.427683,23267800
2008-07-28,38.849998,39.189999,38.799999,38.970001,23.469837,20017100
2008-08-04,38.980000,40.049999,38.950001,40.040001,24.114243,20549700
2008-08-11,40.020000,40.250000,39.820000,40.049999,24.120272,19827500
2008-08-18,40.000000,40.200001,39.840000,39.889999,24.023912,17119200
2008-08-25,39.950001,40.240002,39.849998,40.230000,24.228676,16667300
2008-09-01,40.240002,40.290001,39.709999,39.799999,23.969706,13658400
2008-09-08,40.000000,40.080002,38.270000,39.599998,23.849255,22652900
2008-09-15,38.500000,38.740002,32.009998,37.849998,22.795307,63476300
2008-09-22,37.750000,38.000000,35.799999,37.200001,22.403847,23357200
2008-09-29,36.750000,37.250000,34.299999,34.900002,21.018663,28184800
2008-10-06,34.500000,34.869999,31.410000,33.000000,19.874384,45850400
2008-10-13,35.500000,35.840000,31.129999,34.889999,21.012640,23519200
2008-10-20,35.049999,36.209999,33.000000,35.549999,21.410128,28102100
2008-10-27,34.660000,36.049999,33.900002,35.029999,21.096951,21823200
2008-11-03,35.480000,37.950001,35.150002,37.279999,22.452023,15718400
2008-11-10,38.000000,38.439999,36.910000,37.099998,22.343618,21308700
2008-11-17,37.250000,38.400002,32.240002,34.549999,20.807875,33540900
2008-11-24,37.000000,38.650002,23.000000,24.950001,15.026234,81998000
2008-12-01,24.400000,24.510000,21.309999,22.850000,13.761503,42477700
2008-12-08,23.299999,27.570000,20.940001,21.230000,12.785851,68223800
2008-12-15,21.900000,23.000000,21.070000,22.639999,13.635027,54023400
2008-12-22,22.600000,23.350000,22.150000,23.250000,14.228199,16678200
2008-12-29,23.350000,25.400000,22.940001,25.000000,15.299139,16854700
2009-01-05,24.850000,24.870001,23.700001,24.320000,14.883005,21328400
2009-01-12,24.180000,25.070000,24.010000,24.840000,15.201224,31719200
2009-01-19,24.670000,25.330000,24.500000,25.070000,15.341971,18683100
2009-01-26,25.150000,25.690001,24.950001,25.110001,15.366453,21792700
2009-02-02,24.920000,25.389999,24.510000,24.980000,15.286902,14063900
2009-02-09,24.930000,26.379999,24.900000,26.120001,15.984540,17680600
2009-02-16,26.000000,26.000000,24.959999,25.020000,15.311379,17950400
2009-02-23,25.020000,25.330000,24.440001,24.830000,15.195102,23994200
2009-03-02,24.830000,24.900000,23.860001,24.059999,14.723892,26365300
2009-03-09,24.000000,25.190001,23.959999,24.750000,15.146149,26503700
2009-03-16,24.760000,25.230000,23.600000,23.600000,14.668462,20170600
2009-03-23,24.010000,25.340000,23.150000,25.170000,15.644287,25470600
2009-03-30,24.950001,26.950001,24.670000,25.799999,16.035864,21998400
2009-04-06,26.000000,26.309999,25.320000,25.600000,15.911551,10239500
2009-04-13,25.400000,26.570000,25.299999,26.070000,16.203680,15453400
2009-04-20,26.010000,26.700001,25.200001,26.570000,16.514446,16950300
2009-04-27,26.250000,26.719999,25.500000,25.799999,16.035864,9481900
2009-05-04,26.010000,26.450001,24.610001,24.670000,15.333512,17673800
2009-05-11,24.650000,24.780001,23.799999,23.959999,14.892218,18394600
2009-05-18,24.400000,24.400000,22.940001,23.910000,14.861141,57507800
2009-05-25,24.150000,25.180000,24.110001,24.950001,15.507543,16586700
2009-06-01,25.059999,25.150000,24.730000,24.860001,15.451610,12313000
2009-06-08,24.860001,25.120001,24.030001,24.100000,14.979233,20395000
2009-06-15,24.100000,24.110001,23.500000,23.510000,14.841070,22161200
2009-06-22,23.590000,24.230000,23.379999,24.059999,15.188274,17344400
2009-06-29,24.090000,24.200001,23.920000,23.990000,15.144080,12466200
2009-07-06,24.000000,24.129999,23.280001,24.010000,15.156712,15643100
2009-07-13,24.100000,24.570000,23.920000,24.230000,15.295587,12697800
2009-07-20,24.350000,24.760000,23.920000,24.500000,15.466031,17073900
2009-07-27,24.680000,24.940001,24.299999,24.730000,15.611221,17593500
2009-08-03,24.920000,25.680000,24.400000,25.459999,16.072048,14891000
2009-08-10,25.830000,26.570000,25.059999,26.400000,16.665438,16226400
2009-08-17,26.000000,26.500000,25.809999,26.450001,16.697001,10654200
2009-08-24,26.469999,26.950001,26.260000,26.900000,16.981073,12576900
2009-08-31,26.840000,27.090000,26.650000,27.090000,17.101013,11028400
2009-09-07,27.200001,27.350000,26.670000,26.809999,16.924255,13362800
2009-09-14,26.809999,26.879999,26.410000,26.750000,17.140854,14694000
2009-09-21,26.750000,26.770000,26.010000,26.100000,16.724342,12022000
2009-09-28,26.190001,26.469999,25.889999,26.049999,16.692305,13817400
2009-10-05,26.000000,26.629999,25.930000,25.959999,16.634640,15751400
2009-10-12,25.959999,26.000000,25.070000,25.459999,16.314247,12824300
2009-10-19,25.520000,26.150000,25.219999,25.450001,16.307837,9590700
2009-10-26,25.600000,26.240000,25.260000,25.889999,16.589785,10856500
2009-11-02,25.840000,26.660000,25.500000,26.600000,17.044739,9474500
2009-11-09,26.690001,27.379999,26.600000,27.120001,17.377943,10932300
2009-11-16,27.170000,27.700001,26.660000,27.510000,17.627844,9298200
2009-11-23,27.639999,28.000000,27.420000,27.840000,17.839302,8539500
2009-11-30,27.889999,28.540001,27.760000,28.049999,17.973864,10164600
2009-12-07,28.059999,28.480000,27.240000,27.350000,17.525322,11765100
2009-12-14,27.010000,27.799999,26.139999,27.510000,17.882679,21502600
2009-12-21,27.900000,28.379999,27.660000,28.379999,18.448217,5294600
2009-12-28,28.379999,29.000000,28.070000,29.000000,18.851242,2571200
2010-01-04,29.219999,29.230000,27.459999,27.840000,18.097197,10258700
2010-01-11,27.969999,28.520000,27.549999,27.750000,18.038692,8990800
2010-01-18,27.799999,28.049999,27.410000,27.490000,17.869682,7374100
2010-01-25,27.500000,27.870001,27.309999,27.469999,17.856684,7445700
2010-02-01,27.600000,28.700001,27.350000,28.600000,18.591227,11724000
2010-02-08,28.650000,29.170000,28.190001,29.129999,18.935753,11276600
2010-02-15,29.100000,29.360001,28.840000,29.230000,19.000755,8621900
2010-02-22,29.280001,29.379999,28.969999,29.200001,18.981255,8058600
2010-03-01,29.379999,30.400000,29.250000,30.379999,19.748302,9122400
2010-03-08,30.900000,31.500000,30.330000,30.830000,20.040827,13480200
2010-03-15,30.830000,31.090000,30.340000,30.370001,20.020042,11710900
2010-03-22,30.280001,30.870001,30.040001,30.160000,19.881603,10757700
2010-03-29,30.370001,30.450001,29.680000,30.290001,19.967304,8205800
2010-04-05,30.350000,30.580000,29.770000,29.900000,19.710213,10960600
2010-04-12,29.950001,30.120001,29.290001,29.940001,19.736586,10957100
2010-04-19,29.920000,31.100000,29.850000,30.770000,20.283722,9879800
2010-04-26,30.820000,31.049999,30.430000,30.520000,20.118917,8318300
2010-05-03,30.730000,30.990000,30.030001,30.500000,20.105738,11044200
2010-05-10,30.900000,31.900000,30.629999,31.900000,21.028622,11420800
2010-05-17,31.780001,32.000000,30.129999,31.010000,20.441933,10943700
2010-05-24,30.650000,31.080000,30.230000,30.670000,20.217804,12336200
2010-05-31,30.790001,31.940001,30.520000,31.549999,20.797903,7884700
2010-06-07,31.770000,32.230000,31.180000,31.280001,20.619917,10032600
2010-06-14,31.400000,31.750000,31.000000,31.000000,20.717047,12392800
2010-06-21,31.290001,31.440001,30.889999,31.290001,20.910851,7520200
2010-06-28,31.290001,31.400000,30.400000,31.000000,20.717047,6725900
2010-07-05,30.850000,31.340000,30.379999,31.080000,20.770517,5584900
2010-07-12,31.120001,31.940001,31.120001,31.420000,20.997736,7661100
2010-07-19,31.500000,32.040001,31.219999,31.980000,21.371979,6399100
2010-07-26,32.099998,32.500000,31.309999,31.450001,21.017780,9136700
2010-08-02,31.549999,32.500000,31.070000,32.230000,21.539051,9237000
2010-08-09,32.349998,32.540001,31.799999,32.060001,21.425436,7832900
2010-08-16,32.049999,32.750000,32.000000,32.700001,21.853144,6285300
2010-08-23,32.779999,33.580002,32.500000,33.330002,22.274174,10839400
2010-08-30,33.240002,33.750000,32.750000,32.990002,22.046953,11225700
2010-09-06,32.970001,33.279999,32.400002,32.990002,22.046953,10993900
2010-09-13,32.950001,33.580002,32.700001,33.459999,22.361048,14297400
2010-09-20,33.580002,34.000000,33.320000,33.770000,22.885592,8545300
2010-09-27,33.849998,34.070000,32.939999,33.009998,22.370544,10461900
2010-10-04,33.139999,33.860001,32.980000,33.599998,22.770382,10983200
2010-10-11,33.799999,34.369999,33.630001,34.009998,23.048239,5879200
2010-10-18,33.980000,34.750000,33.980000,34.279999,23.231215,5210400
2010-10-25,34.250000,35.040001,33.770000,34.209999,23.183777,11250000
2010-11-01,34.320000,34.389999,33.180000,33.330002,22.587412,8249500
2010-11-08,33.540001,33.549999,32.639999,32.980000,22.350212,11979600
2010-11-15,33.060001,34.340000,32.900002,34.299999,23.244770,7218500
2010-11-22,34.360001,35.020000,34.070000,34.790001,23.576836,6386600
2010-11-29,34.950001,35.680000,34.650002,35.139999,23.814026,8919300
2010-12-06,35.139999,36.250000,34.930000,36.090000,24.457834,10068000
2010-12-13,35.849998,35.980000,34.900002,35.720001,24.207085,12543300
2010-12-20,35.720001,35.970001,35.099998,35.680000,24.490440,4656000
2010-12-27,35.990002,35.990002,35.340000,35.340000,24.257063,4594800
2011-01-03,35.580002,35.900002,35.189999,35.590000,24.428661,3682300
2011-01-10,35.580002,36.020000,35.090000,35.389999,24.291380,6911000
2011-01-17,35.279999,35.599998,35.209999,35.310001,24.236471,5880400
2011-01-24,35.450001,36.450001,35.369999,36.139999,24.806179,6666600
2011-01-31,36.150002,36.590000,36.029999,36.450001,25.018961,6430100
2011-02-07,36.450001,36.740002,35.810001,35.900002,24.641445,7906100
2011-02-14,35.900002,35.980000,35.299999,35.880001,24.627712,8522600
2011-02-21,35.919998,35.939999,35.330002,35.669998,24.483566,5200500
2011-02-28,35.660000,36.110001,35.250000,35.410000,24.305111,7749900
2011-03-07,35.490002,35.529999,34.709999,34.730000,23.838362,11076500
2011-03-14,34.580002,35.500000,33.750000,35.320000,24.584988,10969400
2011-03-21,35.259998,35.639999,34.919998,35.009998,24.369207,7405200
2011-03-28,35.130001,35.509998,34.950001,35.340000,24.598906,5986500
2011-04-04,35.480000,35.650002,35.119999,35.459999,24.682436,5623300
2011-04-11,35.580002,35.849998,35.230000,35.470001,24.689392,5500100
2011-04-18,35.450001,35.680000,35.150002,35.580002,24.765963,3734300
2011-04-25,35.619999,35.639999,35.070000,35.459999,24.682436,5353100
2011-05-02,35.459999,36.459999,35.380001,36.459999,25.378504,6455800
2011-05-09,36.450001,38.270000,36.279999,37.869999,26.359947,8271700
2011-05-16,37.860001,39.099998,37.730000,38.820000,27.021210,6313600
2011-05-23,38.889999,39.279999,38.389999,39.029999,27.167381,3650700
2011-05-30,39.130001,39.209999,38.020000,38.450001,26.763670,4561500
2011-06-06,38.480000,38.689999,38.000000,38.279999,26.645329,6581400
2011-06-13,38.009998,38.009998,36.880001,37.209999,25.900545,13206900
2011-06-20,37.320000,38.200001,37.049999,37.849998,26.707071,7228700
2011-06-27,37.759998,38.200001,37.529999,37.820000,26.685913,5010800
2011-07-04,37.970001,38.480000,37.770000,37.849998,26.707071,7021200
2011-07-11,37.840000,38.580002,37.490002,38.119999,26.897585,5835300
2011-07-18,38.080002,38.099998,37.540001,37.810001,26.678856,4574900
2011-07-25,37.689999,37.709999,36.259998,36.459999,25.726290,5650700
2011-08-01,36.680000,36.840000,34.990002,36.189999,25.535774,7662000
2011-08-08,35.000000,38.250000,34.990002,37.970001,26.791752,14198200
2011-08-15,38.099998,38.720001,37.590000,38.240002,26.982269,8194900
2011-08-22,38.389999,39.650002,38.110001,38.419998,27.109270,9226300
2011-08-29,38.689999,39.380001,38.450001,38.939999,27.476183,6471900
2011-09-05,38.330002,39.009998,37.509998,38.619999,27.250393,4479600
2011-09-12,38.580002,39.180000,37.810001,38.320000,27.038706,10489800
2011-09-19,38.150002,38.750000,37.500000,38.590000,27.599821,12199800
2011-09-26,38.660000,39.389999,38.110001,39.290001,28.100464,8740200
2011-10-03,39.000000,39.200001,38.020000,38.820000,27.764322,9348100
2011-10-10,39.000000,39.869999,38.650002,38.919998,27.835838,6700000
2011-10-17,38.930000,39.750000,38.740002,39.459999,28.222052,6124400
2011-10-24,39.560001,39.779999,38.860001,39.230000,28.057556,6938200
2011-10-31,39.290001,39.919998,38.849998,39.430000,28.200600,6835900
2011-11-07,39.299999,39.970001,39.020000,39.750000,28.429464,4949200
2011-11-14,39.889999,39.990002,39.389999,39.549999,28.286421,6872900
2011-11-21,39.349998,39.889999,39.150002,39.450001,28.214903,4405400
2011-11-28,39.459999,40.419998,39.259998,40.299999,28.822819,6914400
2011-12-05,40.450001,40.970001,39.680000,40.740002,29.137516,18746000
2011-12-12,40.880001,41.360001,40.240002,40.380001,28.880043,13798700
2011-12-19,40.549999,41.869999,40.500000,41.549999,30.094843,9168400
2011-12-26,41.549999,42.500000,41.220001,42.470001,30.761211,3606200
2012-01-02,43.000000,43.000000,41.709999,41.830002,30.297663,6976300
2012-01-09,41.849998,42.560001,41.680000,42.400002,30.710508,7819200
2012-01-16,42.360001,42.590000,41.849998,42.139999,30.522186,8480600
2012-01-23,42.240002,42.330002,40.060001,40.430000,29.283623,12256800
2012-01-30,40.400002,40.980000,39.919998,40.330002,29.211197,8307000
2012-02-06,40.369999,40.869999,39.119999,39.380001,28.523104,9826200
2012-02-13,39.500000,39.950001,39.180000,39.740002,28.783857,7184500
2012-02-20,39.910000,40.279999,39.700001,40.070000,29.022875,9451900
2012-02-27,40.099998,40.930000,40.009998,40.669998,29.457455,6847300
2012-03-05,40.750000,41.680000,40.619999,41.549999,30.094843,7833900
2012-03-12,41.540001,41.770000,39.639999,39.639999,28.711422,16480100
2012-03-19,39.700001,40.200001,39.360001,40.080002,29.413050,7565200
2012-03-26,40.099998,40.270000,39.520000,39.939999,29.310303,11359200
2012-04-02,40.130001,40.490002,39.950001,40.259998,29.545137,4256700
2012-04-09,40.099998,40.230000,39.369999,39.610001,29.068134,7265000
2012-04-16,39.740002,40.189999,39.650002,39.990002,29.347000,5061900
2012-04-23,39.919998,39.939999,39.340000,39.930000,29.302969,5330400
2012-04-30,39.910000,40.470001,39.709999,40.419998,29.662556,7116900
2012-05-07,40.240002,41.150002,40.160000,40.590000,29.787312,6437400
2012-05-14,40.549999,41.139999,40.160000,40.580002,29.779976,5238700
2012-05-21,40.939999,41.209999,40.270000,40.459999,29.691916,4164900
2012-05-28,40.430000,41.349998,40.310001,40.889999,30.007473,6202000
2012-06-04,40.759998,42.200001,40.759998,41.900002,30.748669,7607400
2012-06-11,42.049999,42.230000,40.959999,41.119999,30.176258,9853600
2012-06-18,41.220001,41.689999,40.919998,41.139999,30.585434,8864800
2012-06-25,41.009998,42.000000,40.990002,41.980000,31.209925,7206400
2012-07-02,42.049999,42.599998,41.970001,42.369999,31.499868,5044700
2012-07-09,42.369999,42.930000,42.110001,42.560001,31.641123,8210600
2012-07-16,42.369999,42.790001,41.980000,41.980000,31.209925,6090800
2012-07-23,41.669998,42.490002,41.279999,42.380001,31.507309,6435200
2012-07-30,42.389999,42.990002,42.110001,42.660000,31.715466,4671700
2012-08-06,42.730000,45.139999,42.730000,45.040001,33.484879,7071700
2012-08-13,45.000000,45.279999,44.490002,44.740002,33.261852,3885800
2012-08-20,44.709999,45.049999,44.099998,44.619999,33.172630,4000900
2012-08-27,44.700001,44.799999,43.820000,43.820000,32.577877,4264500
2012-09-03,44.080002,44.630001,43.799999,44.139999,32.815781,4427200
2012-09-10,44.270000,44.410000,42.180000,42.560001,31.641123,8006600
2012-09-17,42.549999,43.279999,42.230000,42.669998,32.134659,9037100
2012-09-24,42.599998,43.740002,42.570000,43.250000,32.571457,7501300
2012-10-01,43.169998,43.980000,43.169998,43.730000,32.932941,7128400
2012-10-08,43.730000,43.750000,42.770000,42.930000,32.330463,5813500
2012-10-15,42.930000,43.799999,42.630001,42.860001,32.277756,6738700
2012-10-22,42.880001,42.990002,42.139999,42.919998,32.322937,7434700
2012-10-29,42.849998,43.860001,42.849998,42.910000,32.315407,7975800
2012-11-05,42.919998,43.049999,42.330002,42.619999,32.097000,4210300
2012-11-12,42.619999,42.919998,41.250000,41.990002,31.622559,7165300
2012-11-19,42.639999,42.639999,41.509998,42.150002,31.743052,4393600
2012-11-26,42.049999,42.410000,41.849998,42.060001,31.675264,7696900
2012-12-03,42.070000,42.720001,42.060001,42.639999,32.112076,6097000
2012-12-10,42.700001,43.320000,42.259998,42.619999,32.097000,9884900
2012-12-17,42.549999,42.950001,42.259998,42.849998,32.702324,12100400
2012-12-24,42.840000,42.889999,42.349998,42.529999,32.458096,2016800
2012-12-31,42.410000,43.150002,42.389999,43.130001,32.916004,3230700
2013-01-07,43.110001,43.119999,41.750000,41.950001,32.015453,7769700
2013-01-14,42.110001,43.150002,41.900002,43.060001,32.862579,6502900
2013-01-21,43.250000,44.480000,43.099998,44.360001,33.854717,6550600
2013-01-28,44.480000,45.099998,44.119999,44.549999,33.999714,5767700
2013-02-04,44.400002,44.830002,43.900002,44.290001,33.801292,6193100
2013-02-11,44.380001,44.590000,44.070000,44.529999,33.984459,5962800
2013-02-18,44.730000,45.520000,44.689999,45.430000,34.671322,7212900
2013-02-25,45.570000,46.680000,45.380001,46.570000,35.541351,7433500
2013-03-04,46.720001,47.279999,46.610001,46.970001,35.846622,6373700
2013-03-11,46.939999,47.480000,46.509998,46.740002,35.671082,8128300
2013-03-18,46.610001,47.189999,46.509998,46.730000,36.106899,6838500
2013-03-25,46.790001,47.459999,46.410000,47.459999,36.670940,5433900
2013-04-01,47.400002,47.480000,46.020000,46.200001,35.697376,6693300
2013-04-08,46.290001,47.099998,46.090000,46.860001,36.207340,6428600
2013-04-15,46.900002,47.419998,46.560001,47.160000,36.439148,7035600
2013-04-22,47.230000,47.290001,46.419998,46.480000,35.913727,5578900
2013-04-29,46.700001,47.869999,46.439999,47.560001,36.748207,5465200
2013-05-06,47.700001,48.230000,47.299999,47.830002,36.956833,5304400
2013-05-13,47.869999,48.419998,47.509998,47.820000,36.949100,6091400
2013-05-20,47.950001,48.900002,47.650002,47.919998,37.026375,7117800
2013-05-27,47.900002,48.279999,46.049999,46.590000,35.998718,8922900
2013-06-03,46.580002,46.759998,44.980000,45.490002,35.148781,20544800
2013-06-10,45.619999,45.730000,43.599998,44.160000,34.121128,8627000
2013-06-17,44.560001,44.810001,42.959999,43.599998,34.129246,10715000
2013-06-24,43.389999,43.500000,40.580002,43.119999,33.753502,14350000
2013-07-01,43.099998,43.310001,42.419998,42.910000,33.589123,5524400
2013-07-08,43.000000,43.990002,42.900002,43.820000,34.301453,7718000
2013-07-15,44.000000,44.349998,43.200001,43.290001,33.886585,9938000
2013-07-22,43.230000,43.349998,41.549999,42.549999,33.307320,9440600
2013-07-29,42.259998,43.340000,42.259998,42.590000,33.338631,5811300
2013-08-05,42.750000,42.799999,41.599998,41.770000,32.696751,5217300
2013-08-12,41.500000,42.820000,41.279999,42.419998,33.205547,6677700
2013-08-19,42.419998,42.730000,42.160000,42.669998,33.401253,4996800
2013-08-26,42.750000,43.660000,42.160000,43.189999,33.808300,6460900
2013-09-02,45.810001,45.810001,44.320000,44.450001,34.794609,7075500
2013-09-09,44.410000,45.080002,43.340000,43.340000,33.925713,6164600
2013-09-16,43.349998,44.240002,43.349998,43.930000,34.840462,7723900
2013-09-23,44.259998,44.770000,43.970001,44.200001,35.054600,4979800
2013-09-30,43.860001,44.450001,43.250000,43.439999,34.451847,4572100
2013-10-07,43.270000,44.990002,43.180000,44.669998,35.427341,6468400
2013-10-14,44.700001,45.070000,44.360001,45.009998,35.696995,4757400
2013-10-21,44.910000,45.700001,44.910000,45.230000,35.871475,7295600
2013-10-28,45.299999,45.860001,45.209999,45.610001,36.172855,6356900
2013-11-04,45.549999,46.639999,45.150002,46.360001,36.767673,7914100
2013-11-11,46.419998,46.860001,45.810001,46.740002,37.069046,5039900
2013-11-18,46.660000,46.970001,46.250000,46.619999,36.973877,6305500
2013-11-25,46.680000,47.250000,46.459999,46.900002,37.195938,4726200
2013-12-02,46.770000,46.980000,46.130001,46.560001,36.926292,5422100
2013-12-09,46.529999,46.900002,45.009998,45.240002,35.879414,6254800
2013-12-16,45.209999,46.029999,44.750000,45.450001,36.504532,8375100
2013-12-23,45.650002,46.250000,45.380001,46.099998,37.026588,1874100
2013-12-30,46.029999,46.259998,45.500000,45.619999,36.641068,2354300
2014-01-06,45.599998,46.169998,45.180000,46.150002,37.066753,5646800
2014-01-13,46.139999,46.900002,46.099998,46.560001,37.396065,7380500
2014-01-20,46.689999,47.009998,46.000000,46.029999,36.970367,4769300
2014-01-27,45.910000,46.880001,45.509998,46.759998,37.556694,5516700
2014-02-03,46.599998,46.700001,45.090000,46.580002,37.412121,5997400
2014-02-10,46.840000,47.139999,46.580002,47.070000,37.805683,5081500
2014-02-17,47.150002,47.900002,46.959999,47.820000,38.408054,5321900
2014-02-24,47.860001,48.389999,47.610001,48.299999,38.793591,6230700
2014-03-03,47.930000,48.500000,47.900002,48.389999,38.865871,6062200
2014-03-10,48.480000,48.549999,46.810001,46.849998,37.628975,6908100
2014-03-17,47.110001,48.209999,46.759998,47.889999,38.962818,5740300
2014-03-24,47.910000,47.919998,46.779999,47.450001,38.604843,4581100
2014-03-31,47.549999,48.240002,47.500000,47.860001,38.938412,5922300
2014-04-07,47.759998,48.349998,47.669998,48.180000,39.198769,5146500
2014-04-14,48.279999,49.000000,47.830002,48.959999,39.833366,3159600
2014-04-21,48.900002,49.119999,48.220001,48.459999,39.426571,3808100
2014-04-28,48.160000,49.029999,48.070000,48.869999,39.760139,4227700
2014-05-05,48.860001,49.250000,48.349998,49.009998,39.874043,4482200
2014-05-12,49.060001,49.970001,49.029999,49.799999,40.516785,4138500
2014-05-19,49.900002,50.549999,49.650002,50.099998,40.760860,2975700
2014-05-26,50.080002,50.220001,49.349998,49.840000,40.549324,3458000
2014-06-02,49.900002,51.090000,49.869999,50.430000,41.029343,5073100
2014-06-09,50.400002,50.669998,49.070000,49.450001,40.232033,6943300
2014-06-16,49.490002,49.939999,48.470001,48.990002,40.353168,7729700
2014-06-23,49.040001,49.080002,48.040001,48.560001,39.998966,4496300
2014-06-30,48.650002,48.660000,48.020000,48.520000,39.966022,2713800
2014-07-07,48.450001,48.830002,47.520000,48.799999,40.196659,5223400
2014-07-14,48.840000,49.220001,48.320000,48.840000,40.229607,5470600
2014-07-21,48.799999,49.930000,48.549999,49.320000,40.624992,6501800
2014-07-28,49.230000,49.930000,49.020000,49.119999,40.460243,6790700
2014-08-04,49.259998,49.470001,48.049999,48.209999,39.710678,4184900
2014-08-11,48.169998,48.700001,48.070000,48.290001,39.776577,5753200
2014-08-18,48.419998,48.799999,48.180000,48.599998,40.031918,4310000
2014-08-25,48.599998,49.060001,48.529999,48.950001,40.320217,4091700
2014-09-01,49.000000,49.419998,48.849998,49.189999,40.517906,3958400
2014-09-08,49.250000,49.430000,48.250000,48.340000,39.817760,9129800
2014-09-15,48.349998,48.529999,47.380001,47.380001,39.521626,8255600
2014-09-22,47.459999,48.209999,47.270000,47.799999,39.871967,10741600
2014-09-29,47.849998,48.470001,47.389999,48.270000,40.264011,14196100
2014-10-06,48.360001,48.720001,47.650002,47.669998,39.763531,7094300
2014-10-13,47.290001,47.950001,46.430000,47.330002,39.479919,6574700
2014-10-20,47.290001,48.740002,47.110001,48.590000,40.530937,5711500
2014-10-27,48.450001,50.389999,48.430000,50.049999,41.748783,6850000
2014-11-03,50.029999,51.730000,49.830002,50.980000,42.524532,8370200
2014-11-10,51.040001,52.980000,50.980000,52.869999,44.101055,5252900
2014-11-17,52.840000,54.240002,52.840000,53.320000,44.476421,7724100
2014-11-24,53.389999,53.930000,52.450001,53.340000,44.493107,6772600
2014-12-01,53.500000,53.849998,51.509998,52.240002,43.575550,8077800
2014-12-08,52.250000,52.500000,50.919998,51.650002,43.083405,8101200
2014-12-15,51.500000,53.500000,51.220001,53.020000,44.762897,13102100
2014-12-22,53.099998,53.639999,53.080002,53.419998,45.100605,2214200
2014-12-29,53.500000,53.980000,53.119999,53.709999,45.345448,3006100
2015-01-05,53.549999,55.349998,52.810001,54.349998,45.885773,7497900
2015-01-12,54.459999,57.310001,53.910000,56.900002,48.038651,7589000
2015-01-19,56.799999,59.099998,56.270000,58.570000,49.448570,7418900
2015-01-26,58.270000,59.279999,57.160000,58.360001,49.271275,7743900
2015-02-02,58.689999,60.200001,56.299999,56.740002,47.903572,8847300
2015-02-09,58.700001,58.750000,54.270000,55.799999,47.109951,12187500
2015-02-16,55.700001,56.090000,55.080002,55.950001,47.236599,6002200
2015-02-23,55.900002,56.360001,54.680000,54.709999,46.189709,14549400
2015-03-02,54.830002,55.570000,54.130001,54.240002,45.792908,9199800
2015-03-09,54.299999,54.459999,52.610001,53.080002,44.813564,8220500
2015-03-16,53.150002,54.099998,52.889999,52.990002,45.289055,10212000
2015-03-23,52.910000,54.320000,52.660000,53.770000,45.955708,7373800
2015-03-30,53.799999,54.570000,53.189999,53.880001,46.049713,4503800
2015-04-06,53.590000,55.139999,53.549999,54.939999,46.955658,5543300
2015-04-13,55.200001,55.889999,53.189999,53.970001,46.126637,9036800
2015-04-20,54.099998,54.830002,53.830002,54.660000,46.716354,4226000
2015-04-27,54.810001,54.810001,53.020000,53.880001,46.049713,6117800
2015-05-04,54.250000,54.270000,53.080002,53.500000,45.724937,7948800
2015-05-11,53.639999,53.939999,52.619999,53.529999,45.750580,7578000
2015-05-18,53.529999,53.880001,53.020000,53.759998,45.947151,5138000
2015-05-25,53.680000,54.770000,53.680000,54.500000,46.579609,5680800
2015-06-01,54.509998,55.480000,54.349998,54.840000,46.870193,5457000
2015-06-08,54.799999,54.799999,53.049999,53.310001,45.562553,5979900
2015-06-15,53.110001,53.549999,52.500000,52.700001,45.584869,9757800
2015-06-22,52.970001,54.759998,52.709999,54.220001,46.899651,9231500
2015-06-29,53.770000,54.070000,52.930000,53.860001,46.588257,6959300
2015-07-06,53.480000,54.049999,52.439999,53.360001,46.155762,7914800
2015-07-13,53.820000,55.380001,53.500000,55.349998,47.877087,4947000
2015-07-20,55.400002,55.439999,51.700001,53.439999,46.224968,8206500
2015-07-27,53.180000,53.900002,52.380001,53.830002,46.562313,5274700
2015-08-03,53.830002,54.619999,53.320000,54.139999,46.830452,4180100
2015-08-10,54.200001,54.459999,52.869999,53.759998,46.501759,4669600
2015-08-17,53.610001,54.810001,53.450001,54.650002,47.271595,6727100
2015-08-24,51.910000,53.750000,51.560001,53.330002,46.129818,11100800
2015-08-31,53.330002,53.919998,51.619999,53.630001,46.389309,7600700
2015-09-07,54.160000,55.160000,53.040001,53.250000,46.060608,5818500
2015-09-14,53.459999,54.459999,52.610001,54.270000,47.513451,9682400
2015-09-21,54.389999,54.959999,53.520000,54.230000,47.478436,6517000
2015-09-28,54.139999,55.180000,53.610001,55.139999,48.275139,7450500
2015-10-05,55.270000,56.230000,54.860001,55.529999,48.616581,7774600
2015-10-12,55.840000,57.130001,55.580002,56.939999,49.851040,6996300
2015-10-19,56.810001,59.299999,56.810001,58.750000,51.435703,7657900
2015-10-26,58.820000,58.919998,56.299999,56.520000,49.483330,9532100
2015-11-02,56.660000,57.820000,56.099998,56.790001,49.719719,7954500
2015-11-09,56.849998,57.560001,56.090000,56.099998,49.115616,5126700
2015-11-16,56.230000,58.799999,56.200001,58.520000,51.234322,6356400
2015-11-23,58.520000,58.639999,56.320000,57.130001,50.017387,8290100
2015-11-30,57.130001,57.939999,56.669998,57.020000,49.921082,7645500
2015-12-07,57.139999,57.439999,53.799999,53.990002,47.268314,8289100
2015-12-14,54.090000,54.970001,52.919998,53.410000,47.314857,13144200
2015-12-21,53.869999,54.439999,53.020000,54.029999,47.864105,4265500
2015-12-28,54.060001,55.000000,53.290001,53.459999,47.359150,2710400
2016-01-04,53.049999,54.799999,52.380001,54.209999,48.023563,8011200
2016-01-11,54.380001,56.040001,53.889999,54.790001,48.537373,9946000
2016-01-18,54.509998,55.400002,52.500000,55.369999,49.051182,8460700
2016-01-25,55.119999,56.820000,54.849998,56.430000,49.990219,7094600
2016-02-01,56.410000,58.200001,55.700001,58.160000,51.522793,7929500
2016-02-08,57.970001,58.480000,56.889999,57.700001,51.115288,9794300
2016-02-15,57.990002,59.189999,57.700001,59.060001,52.320084,7147500
2016-02-22,59.000000,59.130001,57.709999,58.029999,51.407623,6902400
2016-02-29,58.029999,58.900002,56.689999,57.509998,50.946972,8126100
2016-03-07,57.389999,59.849998,57.200001,57.639999,51.062138,10212900
2016-03-14,57.689999,59.000000,57.450001,57.830002,51.832485,9789100
2016-03-21,57.869999,59.470001,57.779999,59.299999,53.150036,4944900
2016-03-28,59.299999,59.799999,58.849998,59.410000,53.248627,5838400
2016-04-04,59.410000,59.919998,59.080002,59.860001,53.651951,5731600
2016-04-11,59.900002,60.389999,59.169998,59.740002,53.544403,5474800
2016-04-18,59.570000,59.810001,57.889999,58.480000,52.415077,7358600
2016-04-25,58.279999,59.080002,57.810001,58.840000,52.737743,6089600
2016-05-02,59.220001,59.590000,58.200001,59.279999,53.132103,6684700
2016-05-09,59.299999,60.200001,59.029999,59.720001,53.526474,5750600
2016-05-16,59.820000,60.610001,59.650002,60.340000,54.082180,7230400
2016-05-23,61.000000,61.099998,60.400002,60.480000,54.207649,5188700
2016-05-30,60.580002,60.889999,60.099998,60.779999,54.476536,5981600
2016-06-06,60.860001,60.910000,59.500000,59.869999,53.660919,7061100
2016-06-13,59.000000,59.630001,58.320000,59.060001,52.934925,8990300
2016-06-20,59.430000,60.330002,58.959999,59.889999,54.297817,5936900
2016-06-27,59.380001,61.480000,59.360001,61.139999,55.431099,5589200
2016-07-04,61.490002,62.200001,61.040001,61.259998,55.539898,4780400
2016-07-11,61.439999,63.189999,61.200001,62.520000,56.682251,5600000
2016-07-18,62.599998,63.169998,62.139999,63.150002,57.253422,4149900
2016-07-25,63.189999,63.410000,62.230000,62.529999,56.691315,4337300
2016-08-01,62.790001,62.840000,61.650002,62.779999,56.917969,3609600
2016-08-08,62.630001,63.380001,62.580002,63.250000,57.344086,3851700
2016-08-15,63.310001,63.320000,61.310001,61.660000,55.902550,4101400
2016-08-22,61.669998,62.450001,61.400002,61.619999,55.866283,3423700
2016-08-29,61.700001,62.470001,61.110001,61.860001,56.083874,5435500
2016-09-05,62.200001,62.200001,60.880001,60.939999,55.249779,4726200
2016-09-12,60.779999,61.500000,59.509998,60.009998,54.406616,8453000
2016-09-19,60.139999,61.200001,59.880001,60.630001,55.587727,4967300
2016-09-26,60.500000,61.169998,60.150002,60.590000,55.551052,4484500
2016-10-03,60.500000,60.799999,59.160000,59.430000,54.487526,5488300
2016-10-10,59.439999,60.639999,59.439999,60.299999,55.285172,3849600
2016-10-17,60.180000,60.889999,60.009998,60.860001,55.798599,4813500
2016-10-24,60.930000,61.169998,60.320000,60.529999,55.496040,5703900
2016-10-31,60.490002,61.090000,59.130001,59.270000,54.340832,5528200
2016-11-07,59.590000,59.869999,57.320000,57.450001,52.672188,7037600
2016-11-14,57.480000,58.700001,56.799999,58.500000,53.634869,6993200
2016-11-21,58.599998,58.599998,57.509998,58.160000,53.323143,5419100
2016-11-28,58.209999,58.630001,56.919998,57.369999,52.598843,7490400
2016-12-05,57.590000,58.480000,57.360001,58.400002,53.543186,6231500
2016-12-12,58.500000,58.939999,56.950001,57.279999,52.516331,15419500
2016-12-19,57.459999,58.369999,57.220001,58.259998,54.041557,5309400
2016-12-26,58.340000,58.410000,57.919998,58.029999,53.828213,1946500
2017-01-02,58.220001,59.049999,58.119999,58.560001,54.319839,4864800
2017-01-09,58.299999,58.459999,57.360001,58.189999,53.976627,5775900
2017-01-16,58.230000,59.080002,58.009998,58.930000,54.663055,6030700
2017-01-23,58.950001,58.959999,58.110001,58.860001,54.598114,5674400
2017-01-30,58.830002,58.869999,57.200001,57.419998,53.262386,8574500
2017-02-06,57.599998,58.450001,57.340000,58.279999,54.060112,6396600
2017-02-13,58.299999,58.799999,57.799999,58.759998,54.505356,7373800
2017-02-20,58.740002,59.110001,58.049999,58.160000,53.948803,14422000
2017-02-27,58.240002,58.619999,57.520000,57.980000,53.781837,9195300
2017-03-06,57.880001,58.680000,57.799999,58.590000,54.347672,10904800
2017-03-13,57.849998,58.480000,57.240002,58.299999,54.078667,14244600
2017-03-20,58.299999,59.230000,57.369999,58.910000,55.321980,9462600
2017-03-27,58.880001,59.139999,58.509998,58.880001,55.293808,5811400
2017-04-03,58.970001,60.529999,58.669998,60.400002,56.721226,8037800
2017-04-10,60.330002,61.000000,60.040001,60.869999,57.162598,4112600
2017-04-17,60.869999,61.509998,60.630001,61.349998,57.613365,4990700
2017-04-24,61.360001,63.000000,61.169998,62.150002,58.364643,9610500
2017-05-01,61.959999,62.320000,61.080002,62.110001,58.327080,9420700
2017-05-08,62.049999,62.450001,61.130001,61.330002,57.594582,6072200
2017-05-15,61.279999,61.439999,59.980000,60.400002,56.721226,6912400
2017-05-22,60.750000,61.040001,60.130001,60.770000,57.068687,4462900
2017-05-29,60.799999,61.439999,60.590000,61.080002,57.359810,4060200
2017-06-05,60.959999,61.209999,60.119999,60.590000,56.899651,5188200
2017-06-12,60.680000,61.070000,58.860001,59.430000,55.810307,11603900
2017-06-19,59.799999,60.040001,58.830002,59.169998,56.231922,6790300
2017-06-26,59.130001,59.500000,58.139999,58.400002,55.500156,6547400
2017-07-03,58.599998,58.730000,57.750000,58.119999,55.234058,4402000
2017-07-10,58.119999,58.259998,57.549999,58.160000,55.272076,6008800
2017-07-17,58.259998,58.900002,57.939999,58.529999,55.623703,4577000
2017-07-24,58.509998,59.180000,58.009998,58.410000,55.509663,5418700
2017-07-31,58.389999,59.560001,58.160000,59.080002,56.146389,5589500
2017-08-07,59.040001,59.599998,58.430000,58.599998,55.690224,4375500
2017-08-14,59.029999,59.650002,58.650002,58.860001,55.937317,4561400
2017-08-21,58.799999,59.400002,58.470001,59.320000,56.374474,3674500
2017-08-28,59.320000,60.000000,59.080002,59.150002,56.212917,4109600
2017-09-04,59.080002,59.150002,57.970001,58.189999,55.300587,3829900
2017-09-11,58.330002,58.720001,57.209999,58.099998,55.215054,10349000
2017-09-18,58.209999,59.080002,57.939999,58.639999,56.423241,6289200
2017-09-25,58.509998,58.650002,57.750000,58.459999,56.250046,7236100
2017-10-02,58.650002,58.990002,58.349998,58.619999,56.403996,4428500
2017-10-09,58.700001,59.180000,58.549999,59.110001,56.875473,3206900
2017-10-16,59.020000,59.490002,58.759998,59.240002,57.000561,4035400
2017-10-23,59.220001,59.840000,58.970001,59.549999,57.298840,4783900
2017-10-30,59.450001,61.070000,59.279999,60.580002,58.289902,9763600
2017-11-06,60.240002,61.250000,60.180000,61.169998,58.857597,4982400
2017-11-13,61.000000,61.930000,60.990002,61.720001,59.386810,4010400
2017-11-20,61.709999,62.029999,61.419998,61.730000,59.396427,4873400
2017-11-27,61.750000,62.400002,61.290001,61.439999,59.117390,5391800
2017-12-04,61.740002,62.430000,61.299999,62.279999,59.925636,5481600
2017-12-11,62.400002,62.900002,61.099998,61.349998,59.030792,9989000
2017-12-18,61.279999,61.500000,60.150002,60.389999,58.778641,6359200
2017-12-25,60.250000,60.380001,59.590000,60.380001,58.768906,2796600
2018-01-01,60.250000,60.490002,58.950001,59.009998,57.435459,4585300
2018-01-08,59.000000,59.070000,57.910000,57.919998,56.374542,8054900
2018-01-15,57.919998,58.259998,57.599998,58.060001,56.510811,7659200
2018-01-22,58.189999,58.209999,57.000000,58.090000,56.540009,9285400
2018-01-29,58.000000,58.070000,56.349998,56.369999,54.865902,9071600
2018-02-05,56.220001,58.000000,54.439999,55.820000,54.330578,13143500
2018-02-12,56.200001,56.820000,55.139999,55.869999,54.379246,10644000
2018-02-19,55.990002,56.410000,55.759998,56.299999,54.797771,4973400
2018-02-26,56.490002,57.250000,55.480000,56.090000,54.593372,8067200
2018-03-05,56.060001,57.139999,55.860001,56.900002,55.381760,7339000
2018-03-12,57.000000,57.700001,56.000000,56.439999,54.934032,10620400
2018-03-19,56.459999,56.490002,54.500000,54.529999,53.782539,6544700
2018-03-26,54.790001,55.549999,54.200001,55.439999,54.680065,6206600
2018-04-02,55.480000,55.480000,53.939999,54.560001,53.812130,8135400
2018-04-09,54.639999,54.919998,53.860001,53.889999,53.151310,8263400
2018-04-16,53.910000,54.520000,53.000000,53.450001,52.717342,9140100
2018-04-23,53.750000,55.189999,53.410000,55.029999,54.275684,6470900
2018-04-30,55.029999,55.180000,52.910000,53.349998,52.618713,7662500
2018-05-07,53.400002,53.900002,52.900002,53.779999,53.042816,8603000
2018-05-14,53.930000,54.340000,53.730000,54.330002,53.585281,9329500
2018-05-21,54.259998,54.910000,54.080002,54.599998,53.851578,5408000
2018-05-28,54.509998,54.869999,53.930000,54.000000,53.259804,4938800
2018-06-04,54.049999,54.980000,54.020000,54.779999,54.029110,5772500
2018-06-11,54.860001,55.480000,54.009998,54.389999,53.644459,9823300
2018-06-18,54.360001,54.450001,53.810001,54.369999,54.369999,5703600
2018-06-22,54.099998,54.419998,54.009998,54.369999,54.369999,1235592
