Date,Open,High,Low,Close,Adj Close,Volume
1980-03-17,3.000000,3.093750,2.968750,3.031250,0.011848,275200
1980-03-24,3.000000,3.000000,2.875000,2.875000,0.011237,409600
1980-03-31,2.875000,3.125000,2.875000,3.000000,0.011725,534000
1980-04-07,2.968750,3.250000,2.875000,3.250000,0.012703,574400
1980-04-14,3.250000,3.312500,3.156250,3.250000,0.012703,792800
1980-04-21,3.250000,3.281250,3.187500,3.218750,0.012580,843200
1980-04-28,3.250000,3.312500,3.156250,3.218750,0.012580,439600
1980-05-05,3.218750,3.406250,3.218750,3.375000,0.013191,917600
1980-05-12,3.343750,3.375000,3.312500,3.312500,0.012947,526800
1980-05-19,3.312500,3.343750,3.250000,3.312500,0.012947,424400
1980-05-26,3.312500,3.437500,3.312500,3.343750,0.013069,346800
1980-06-02,3.343750,3.500000,3.343750,3.468750,0.013558,1259200
1980-06-09,3.468750,3.500000,3.281250,3.468750,0.013558,1041200
1980-06-16,3.468750,3.750000,3.437500,3.718750,0.014535,1598000
1980-06-23,3.718750,3.750000,3.656250,3.656250,0.014290,534400
1980-06-30,3.656250,3.687500,3.468750,3.531250,0.013802,863600
1980-07-07,3.531250,3.562500,3.468750,3.500000,0.013680,526400
1980-07-14,3.500000,3.531250,3.468750,3.468750,0.013558,717200
1980-07-21,3.500000,3.531250,3.437500,3.437500,0.013435,411200
1980-07-28,3.437500,3.500000,3.312500,3.312500,0.012947,2625600
1980-08-04,3.312500,3.312500,3.187500,3.218750,0.012580,696800
1980-08-11,3.218750,3.343750,3.187500,3.281250,0.012825,532800
1980-08-18,3.281250,3.281250,3.187500,3.250000,0.012703,543600
1980-08-25,3.250000,3.312500,3.218750,3.281250,0.012825,478400
1980-09-01,3.281250,3.625000,3.250000,3.500000,0.013680,707600
1980-09-08,3.500000,3.562500,3.406250,3.468750,0.013558,746000
1980-09-15,3.468750,3.500000,3.343750,3.343750,0.013069,820800
1980-09-22,3.343750,3.375000,3.312500,3.343750,0.013069,361200
1980-09-29,3.343750,3.406250,3.312500,3.406250,0.013313,382400
1980-10-06,3.312500,3.312500,3.156250,3.218750,0.012580,2015200
1980-10-13,3.218750,3.218750,3.125000,3.125000,0.012214,1284400
1980-10-20,3.125000,3.281250,3.125000,3.187500,0.012458,848000
1980-10-27,3.187500,3.218750,3.125000,3.156250,0.012336,569200
1980-11-03,3.156250,3.187500,3.125000,3.156250,0.012336,580400
1980-11-10,3.156250,3.187500,3.125000,3.156250,0.012336,559200
1980-11-17,3.156250,3.218750,3.125000,3.125000,0.012214,703600
1980-11-24,3.125000,3.187500,3.062500,3.125000,0.012214,485600
1980-12-01,3.125000,3.156250,3.031250,3.062500,0.011970,542400
1980-12-08,3.062500,3.062500,2.937500,2.968750,0.011603,782000
1980-12-15,2.968750,3.250000,2.906250,3.250000,0.012703,1779200
1980-12-22,3.250000,3.343750,3.218750,3.281250,0.012825,474000
1980-12-29,3.281250,3.281250,3.187500,3.218750,0.012580,421600
1981-01-05,3.218750,3.312500,3.156250,3.187500,0.012458,1537600
1981-01-12,3.187500,3.343750,3.187500,3.343750,0.013069,350800
1981-01-19,3.343750,3.375000,3.250000,3.281250,0.012825,446800
1981-01-26,3.281250,3.375000,3.281250,3.312500,0.012947,447600
1981-02-02,3.312500,3.375000,3.281250,3.343750,0.013069,620000
1981-02-09,3.343750,3.531250,3.218750,3.218750,0.012580,220800
1981-02-16,3.218750,3.281250,3.156250,3.187500,0.012458,380400
1981-02-23,3.187500,3.281250,3.187500,3.250000,0.012703,394000
1981-03-02,3.250000,3.343750,3.218750,3.250000,0.012703,264000
1981-03-09,3.250000,3.312500,3.187500,3.312500,0.012947,400400
1981-03-16,3.312500,3.500000,3.281250,3.468750,0.013558,316000
1981-03-23,3.468750,3.468750,3.250000,3.312500,0.012947,454400
1981-03-30,3.312500,3.375000,3.312500,3.343750,0.013069,291600
1981-04-06,3.312500,3.312500,3.218750,3.250000,0.012703,361200
1981-04-13,3.250000,3.281250,3.187500,3.218750,0.012580,272800
1981-04-20,3.218750,3.281250,3.156250,3.187500,0.012458,518400
1981-04-27,3.156250,3.156250,3.031250,3.062500,0.011970,642400
1981-05-04,3.062500,3.156250,3.031250,3.156250,0.012336,651600
1981-05-11,3.156250,3.218750,3.062500,3.187500,0.012458,954800
1981-05-18,3.187500,3.218750,3.125000,3.156250,0.012336,456800
1981-05-25,3.156250,3.218750,3.125000,3.187500,0.012458,637600
1981-06-01,3.187500,3.250000,3.187500,3.218750,0.012580,536400
1981-06-08,3.218750,3.343750,3.187500,3.343750,0.013069,817600
1981-06-15,3.343750,3.562500,3.312500,3.437500,0.013435,1082800
1981-06-22,3.437500,3.531250,3.437500,3.468750,0.013558,1043600
1981-06-29,3.500000,3.562500,3.437500,3.437500,0.013435,432400
1981-07-06,3.281250,3.281250,3.125000,3.125000,0.012214,1000800
1981-07-13,3.156250,3.281250,3.031250,3.218750,0.012580,565200
1981-07-20,3.218750,3.218750,3.000000,3.093750,0.012092,406800
1981-07-27,3.093750,3.187500,3.062500,3.093750,0.012092,523600
1981-08-03,3.093750,3.187500,3.062500,3.187500,0.012458,394000
1981-08-10,3.187500,3.375000,3.156250,3.343750,0.013069,2212000
1981-08-17,3.343750,3.406250,3.250000,3.281250,0.012825,1867200
1981-08-24,3.281250,3.281250,3.156250,3.218750,0.012580,733600
1981-08-31,3.218750,3.281250,3.156250,3.187500,0.012458,769200
1981-09-07,3.156250,3.312500,3.093750,3.312500,0.012947,840400
1981-09-14,3.312500,3.312500,3.218750,3.250000,0.012703,374000
1981-09-21,3.250000,3.281250,3.125000,3.125000,0.012214,536000
1981-09-28,3.125000,3.218750,3.093750,3.218750,0.012580,270000
1981-10-05,3.125000,3.250000,3.062500,3.250000,0.012703,471600
1981-10-12,3.250000,3.281250,3.187500,3.187500,0.012458,422000
1981-10-19,3.187500,3.281250,3.187500,3.250000,0.012703,280000
1981-10-26,3.218750,3.375000,3.187500,3.375000,0.013191,1018800
1981-11-02,3.375000,3.406250,3.343750,3.406250,0.013313,682000
1981-11-09,3.406250,3.625000,3.406250,3.593750,0.014046,1330400
1981-11-16,3.593750,3.625000,3.531250,3.562500,0.013924,429600
1981-11-23,3.562500,3.625000,3.531250,3.562500,0.013924,341600
1981-11-30,3.562500,3.593750,3.468750,3.500000,0.013680,423600
1981-12-07,3.500000,3.531250,3.437500,3.500000,0.013680,1126000
1981-12-14,3.500000,3.562500,3.437500,3.531250,0.013802,1941200
1981-12-21,3.531250,3.593750,3.500000,3.593750,0.014046,824400
1981-12-28,3.593750,3.593750,3.500000,3.531250,0.013802,838800
1982-01-04,3.468750,3.500000,3.375000,3.500000,0.013680,1841200
1982-01-11,3.500000,3.531250,3.375000,3.437500,0.013435,491600
1982-01-18,3.406250,3.437500,3.375000,3.406250,0.013313,344800
1982-01-25,3.406250,3.468750,3.343750,3.406250,0.013313,374400
1982-02-01,3.406250,3.625000,3.343750,3.531250,0.013802,787600
1982-02-08,3.531250,3.593750,3.468750,3.562500,0.013924,699200
1982-02-15,3.562500,3.593750,3.500000,3.531250,0.013802,527200
1982-02-22,3.562500,3.781250,3.562500,3.687500,0.014413,2541200
1982-03-01,3.687500,3.937500,3.656250,3.843750,0.015023,1811200
1982-03-08,3.875000,4.031250,3.875000,3.906250,0.015268,675200
1982-03-15,3.906250,3.937500,3.812500,3.843750,0.015023,2683200
1982-03-22,3.875000,4.000000,3.875000,4.000000,0.015634,1499200
1982-03-29,4.000000,4.062500,3.906250,3.968750,0.015512,2776800
1982-04-05,3.968750,4.062500,3.968750,4.062500,0.015878,876400
1982-04-12,4.062500,4.093750,4.000000,4.062500,0.015878,1419600
1982-04-19,4.062500,4.218750,4.031250,4.218750,0.016489,1998000
1982-04-26,4.218750,4.250000,4.062500,4.062500,0.015878,1252000
1982-05-03,4.062500,4.187500,4.031250,4.187500,0.016367,1172000
1982-05-10,4.187500,4.187500,4.062500,4.062500,0.015878,991600
1982-05-17,4.062500,4.125000,4.031250,4.125000,0.016123,590800
1982-05-24,4.125000,4.156250,4.062500,4.093750,0.016000,1616800
1982-05-31,4.093750,4.218750,4.093750,4.187500,0.016367,863600
1982-06-07,4.187500,4.218750,4.156250,4.218750,0.016489,369200
1982-06-14,4.218750,4.218750,3.968750,4.000000,0.015634,1218000
1982-06-21,4.000000,4.093750,3.937500,4.000000,0.015634,914400
1982-06-28,4.000000,4.125000,3.968750,4.031250,0.015756,945600
1982-07-05,4.031250,4.062500,3.968750,4.000000,0.015634,512800
1982-07-12,4.000000,4.031250,3.968750,4.000000,0.015634,405200
1982-07-19,4.000000,4.031250,3.875000,3.968750,0.015512,833200
1982-07-26,3.968750,3.968750,3.625000,3.656250,0.014290,688800
1982-08-02,3.656250,3.718750,3.625000,3.718750,0.014535,2911200
1982-08-09,3.718750,3.937500,3.625000,3.937500,0.015390,1283600
1982-08-16,4.000000,4.343750,4.000000,4.218750,0.016489,1634400
1982-08-23,4.218750,4.343750,4.156250,4.187500,0.016367,2956400
1982-08-30,4.187500,4.312500,4.125000,4.281250,0.016733,994000
1982-09-06,4.281250,4.281250,4.218750,4.218750,0.016489,625200
1982-09-13,4.218750,4.343750,4.218750,4.281250,0.016733,1654800
1982-09-20,4.281250,4.375000,4.281250,4.343750,0.016978,1751200
1982-09-27,4.343750,4.375000,4.250000,4.312500,0.016855,3508000
1982-10-04,4.218750,4.437500,4.125000,4.437500,0.017344,2547200
1982-10-11,4.437500,4.500000,4.312500,4.343750,0.016978,3715200
1982-10-18,4.343750,4.562500,4.281250,4.406250,0.017222,2420800
1982-10-25,4.406250,4.406250,4.250000,4.312500,0.016855,1066400
1982-11-01,4.312500,4.531250,4.281250,4.531250,0.017710,3285600
1982-11-08,4.468750,4.531250,4.437500,4.500000,0.017588,1016800
1982-11-15,4.500000,4.500000,4.312500,4.500000,0.017588,1408800
1982-11-22,4.500000,4.500000,4.375000,4.468750,0.017466,764800
1982-11-29,4.468750,4.468750,4.281250,4.312500,0.016855,1410400
1982-12-06,4.312500,4.718750,4.218750,4.593750,0.017955,2552800
1982-12-13,4.593750,4.687500,4.562500,4.687500,0.018321,2822800
1982-12-20,4.687500,4.781250,4.625000,4.750000,0.018565,1518000
1982-12-27,4.750000,4.875000,4.718750,4.843750,0.018932,936800
1983-01-03,4.843750,4.875000,4.562500,4.656250,0.018199,2222800
1983-01-10,4.656250,4.687500,4.531250,4.625000,0.018077,4257200
1983-01-17,4.625000,4.718750,4.468750,4.718750,0.018443,1244400
1983-01-24,4.687500,4.687500,4.531250,4.562500,0.017832,900800
1983-01-31,4.562500,4.562500,4.468750,4.500000,0.017588,1705600
1983-02-07,4.500000,4.593750,4.468750,4.531250,0.017710,1960800
1983-02-14,4.531250,4.656250,4.500000,4.625000,0.018077,2378000
1983-02-21,4.625000,4.687500,4.625000,4.687500,0.018321,625200
1983-02-28,4.687500,4.875000,4.656250,4.875000,0.019054,1481600
1983-03-07,4.875000,4.875000,4.625000,4.625000,0.018077,1115200
1983-03-14,4.656250,4.750000,4.656250,4.718750,0.018443,662400
1983-03-21,4.718750,4.750000,4.531250,4.750000,0.018565,2678000
1983-03-28,4.750000,4.750000,4.687500,4.718750,0.018443,2897600
1983-04-04,4.625000,4.656250,4.531250,4.562500,0.017832,2035600
1983-04-11,4.562500,4.656250,4.562500,4.656250,0.018199,907200
1983-04-18,4.656250,4.718750,4.593750,4.718750,0.018443,1976800
1983-04-25,4.718750,4.812500,4.687500,4.687500,0.018321,2979600
1983-05-02,4.718750,4.875000,4.718750,4.843750,0.018932,870800
1983-05-09,4.843750,4.906250,4.750000,4.906250,0.019176,1390000
1983-05-16,4.906250,4.906250,4.750000,4.843750,0.018932,1138400
1983-05-23,4.843750,4.906250,4.812500,4.875000,0.019054,641200
1983-05-30,4.875000,4.937500,4.843750,4.937500,0.019298,760400
1983-06-06,4.937500,4.968750,4.812500,4.812500,0.018810,1947600
1983-06-13,4.812500,4.937500,4.812500,4.937500,0.019298,1455600
1983-06-20,4.937500,4.937500,4.781250,4.843750,0.018932,3790400
1983-06-27,4.843750,4.843750,4.531250,4.562500,0.017832,2745600
1983-07-04,4.562500,4.625000,4.437500,4.468750,0.017466,1870400
1983-07-11,4.468750,4.500000,4.375000,4.500000,0.017588,2325200
1983-07-18,4.500000,4.718750,4.437500,4.656250,0.018199,2588400
1983-07-25,4.656250,4.656250,4.500000,4.562500,0.017832,1043200
1983-08-01,4.562500,4.625000,4.500000,4.531250,0.017710,2564000
1983-08-08,4.531250,4.625000,4.468750,4.625000,0.018077,1236000
1983-08-15,4.625000,4.750000,4.593750,4.718750,0.018443,1424000
1983-08-22,4.718750,4.718750,4.625000,4.625000,0.018077,2742000
1983-08-29,4.625000,4.781250,4.625000,4.750000,0.018565,488000
1983-09-05,4.750000,4.843750,4.718750,4.812500,0.018810,578800
1983-09-12,4.812500,4.906250,4.812500,4.906250,0.019176,1390400
1983-09-19,4.906250,5.000000,4.906250,4.937500,0.019298,3869600
1983-09-26,4.937500,5.000000,4.937500,5.000000,0.019542,2800400
1983-10-03,4.906250,5.156250,4.875000,5.000000,0.019542,3632400
1983-10-10,5.000000,5.000000,4.906250,4.937500,0.019298,2450400
1983-10-17,4.937500,4.968750,4.843750,4.968750,0.019420,2367200
1983-10-24,4.968750,5.125000,4.937500,5.093750,0.019909,1513200
1983-10-31,5.093750,5.406250,5.062500,5.250000,0.020520,2460400
1983-11-07,5.250000,5.281250,5.062500,5.156250,0.020153,1866400
1983-11-14,5.156250,5.343750,5.093750,5.343750,0.020886,1699200
1983-11-21,5.343750,5.468750,5.312500,5.437500,0.021252,658400
1983-11-28,5.437500,5.468750,5.312500,5.343750,0.020886,1502800
1983-12-05,5.343750,5.406250,5.312500,5.406250,0.021130,1674000
1983-12-12,5.406250,5.437500,5.187500,5.187500,0.020275,1378000
1983-12-19,5.187500,5.343750,5.156250,5.312500,0.020764,3169200
1983-12-26,5.312500,5.343750,5.250000,5.250000,0.020520,1582800
1984-01-02,5.250000,5.281250,5.093750,5.156250,0.020153,4734400
1984-01-09,5.156250,5.218750,5.093750,5.156250,0.020153,1918800
1984-01-16,5.156250,5.156250,4.968750,5.000000,0.019542,882800
1984-01-23,5.000000,5.125000,4.906250,5.093750,0.019909,930800
1984-01-30,5.093750,5.156250,5.031250,5.125000,0.020031,2304400
1984-02-06,5.125000,5.156250,5.031250,5.093750,0.019909,3378400
1984-02-13,5.062500,5.062500,4.968750,5.000000,0.019542,663600
1984-02-20,5.000000,5.031250,4.906250,4.968750,0.019420,316800
1984-02-27,4.968750,5.125000,4.937500,5.093750,0.019909,618000
1984-03-05,5.093750,5.156250,5.000000,5.062500,0.019787,816800
1984-03-12,5.062500,5.125000,5.000000,5.093750,0.019909,544800
1984-03-19,5.093750,5.093750,5.031250,5.062500,0.019787,2527200
1984-03-26,5.062500,5.218750,5.062500,5.187500,0.020275,1766800
1984-04-02,5.187500,5.218750,4.968750,4.968750,0.019420,6299600
1984-04-09,4.968750,5.000000,4.875000,4.937500,0.019298,2198400
1984-04-16,4.937500,5.031250,4.906250,4.937500,0.019298,1402000
1984-04-23,4.937500,4.968750,4.812500,4.843750,0.018932,628400
1984-04-30,4.843750,4.968750,4.843750,4.937500,0.019298,1621200
1984-05-07,4.937500,5.000000,4.843750,5.000000,0.019542,1573600
1984-05-14,5.000000,5.000000,4.906250,4.937500,0.019298,621600
1984-05-21,4.937500,4.937500,4.781250,4.843750,0.018932,942800
1984-05-28,4.843750,4.906250,4.812500,4.875000,0.019054,623200
1984-06-04,4.875000,5.000000,4.875000,4.906250,0.019176,299200
1984-06-11,4.906250,4.968750,4.843750,4.937500,0.019298,446800
1984-06-18,4.937500,5.156250,4.937500,5.093750,0.019909,7504000
1984-06-25,5.093750,5.156250,4.937500,5.031250,0.019665,4254800
1984-07-02,5.031250,5.031250,4.875000,4.875000,0.019054,498400
1984-07-09,4.875000,4.968750,4.875000,4.937500,0.019298,800800
1984-07-16,4.937500,4.968750,4.906250,4.937500,0.019298,1848000
1984-07-23,4.937500,5.000000,4.906250,5.000000,0.019542,1897200
1984-07-30,5.000000,5.031250,4.937500,5.031250,0.019665,1435200
1984-08-06,5.031250,5.218750,4.968750,5.187500,0.020275,1314400
1984-08-13,5.187500,5.406250,5.187500,5.375000,0.021008,2300000
1984-08-20,5.375000,5.406250,5.187500,5.250000,0.020520,1048000
1984-08-27,5.250000,5.250000,5.125000,5.187500,0.020275,828000
1984-09-03,5.187500,5.187500,5.125000,5.156250,0.020153,1040800
1984-09-10,5.156250,5.218750,5.062500,5.218750,0.020397,2918400
1984-09-17,5.218750,5.437500,5.156250,5.406250,0.021130,4135600
1984-09-24,5.406250,5.593750,5.375000,5.562500,0.021741,1114800
1984-10-01,5.562500,5.593750,5.375000,5.406250,0.021130,3516800
1984-10-08,5.406250,5.500000,5.375000,5.500000,0.021497,542000
1984-10-15,5.500000,5.625000,5.468750,5.593750,0.021863,2614400
1984-10-22,5.593750,5.593750,5.375000,5.406250,0.021130,834000
1984-10-29,5.406250,5.531250,5.375000,5.500000,0.021497,1158000
1984-11-05,5.500000,5.593750,5.468750,5.562500,0.021741,1915600
1984-11-12,5.562500,5.593750,5.281250,5.437500,0.021252,1480000
1984-11-19,5.437500,5.500000,5.312500,5.437500,0.021252,650000
1984-11-26,5.437500,5.531250,5.406250,5.468750,0.021375,875600
1984-12-03,5.468750,5.531250,5.437500,5.500000,0.021497,631200
1984-12-10,5.500000,5.593750,5.468750,5.593750,0.021863,1017200
1984-12-17,5.593750,5.875000,5.562500,5.843750,0.022840,1064800
1984-12-24,5.843750,5.875000,5.781250,5.812500,0.022718,2008800
1984-12-31,5.781250,5.781250,5.406250,5.437500,0.021252,2332000
1985-01-07,5.437500,5.593750,5.437500,5.562500,0.023849,1821600
1985-01-14,5.562500,5.718750,5.531250,5.625000,0.024117,831600
1985-01-21,5.625000,5.750000,5.500000,5.562500,0.023849,1656000
1985-01-28,5.562500,5.593750,5.437500,5.500000,0.023581,1287200
1985-02-04,5.500000,5.531250,5.375000,5.468750,0.023447,1048000
1985-02-11,5.468750,5.562500,5.406250,5.531250,0.023715,2146800
1985-02-18,5.531250,5.593750,5.437500,5.468750,0.023447,1600000
1985-02-25,5.468750,5.500000,5.406250,5.437500,0.023313,746800
1985-03-04,5.437500,5.500000,5.375000,5.468750,0.023447,1802800
1985-03-11,5.468750,5.562500,5.437500,5.500000,0.023581,1411600
1985-03-18,5.500000,5.718750,5.500000,5.687500,0.024385,2816400
1985-03-25,5.687500,5.968750,5.562500,5.968750,0.025591,3175200
1985-04-01,5.968750,6.093750,5.781250,5.781250,0.024787,5574400
1985-04-08,5.781250,5.875000,5.750000,5.875000,0.027466,4640800
1985-04-15,5.875000,5.906250,5.781250,5.812500,0.027174,612800
1985-04-22,5.812500,5.906250,5.781250,5.875000,0.027466,873200
1985-04-29,5.843750,5.843750,5.750000,5.812500,0.027174,1054400
1985-05-06,5.812500,5.906250,5.812500,5.843750,0.027320,2708400
1985-05-13,5.843750,6.031250,5.781250,6.031250,0.028197,1725200
1985-05-20,6.031250,6.062500,5.937500,5.968750,0.027904,2346400
1985-05-27,5.968750,6.031250,5.937500,6.000000,0.028050,1151600
1985-06-03,6.000000,6.125000,5.968750,6.093750,0.028489,1363200
1985-06-10,6.093750,6.187500,6.031250,6.156250,0.028781,1268400
1985-06-17,6.156250,6.468750,6.156250,6.468750,0.030242,1446000
1985-06-24,6.468750,6.593750,6.406250,6.562500,0.030680,3616400
1985-07-01,6.562500,6.562500,6.281250,6.343750,0.029657,4884400
1985-07-08,6.343750,6.406250,6.218750,6.375000,0.032262,606800
1985-07-15,6.375000,6.406250,6.187500,6.218750,0.031471,1230800
1985-07-22,6.218750,6.218750,5.718750,5.750000,0.029099,1516800
1985-07-29,5.718750,5.875000,5.562500,5.718750,0.028941,2196400
1985-08-05,5.718750,5.718750,5.406250,5.593750,0.028308,1868800
1985-08-12,5.593750,5.718750,5.531250,5.718750,0.028941,1744400
1985-08-19,5.718750,5.843750,5.656250,5.718750,0.028941,2186800
1985-08-26,5.718750,5.812500,5.718750,5.781250,0.029257,1084000
1985-09-02,5.781250,5.937500,5.687500,5.937500,0.030048,806800
1985-09-09,5.937500,6.093750,5.750000,5.812500,0.029415,2209600
1985-09-16,5.812500,5.906250,5.718750,5.750000,0.029099,1590000
1985-09-23,5.750000,5.812500,5.375000,5.625000,0.028466,1745200
1985-09-30,5.625000,5.781250,5.531250,5.531250,0.027992,7067600
1985-10-07,5.531250,5.875000,5.500000,5.875000,0.032563,1504400
1985-10-14,5.781250,5.812500,5.625000,5.781250,0.032043,968400
1985-10-21,5.781250,5.843750,5.750000,5.750000,0.031870,874400
1985-10-28,5.750000,6.062500,5.750000,6.062500,0.033602,1218000
1985-11-04,6.062500,6.093750,5.906250,5.968750,0.033082,2439600
1985-11-11,5.968750,6.187500,5.968750,6.125000,0.033948,2135600
1985-11-18,6.125000,6.250000,5.968750,6.125000,0.033948,2655200
1985-11-25,6.125000,6.187500,5.968750,6.156250,0.034122,3011600
1985-12-02,6.156250,6.343750,6.093750,6.250000,0.034641,1066000
1985-12-09,6.250000,6.437500,6.250000,6.406250,0.035507,2047600
1985-12-16,6.406250,6.656250,6.406250,6.531250,0.036200,1811200
1985-12-23,6.531250,6.656250,6.406250,6.593750,0.036547,1239200
1985-12-30,6.593750,7.000000,6.593750,6.968750,0.038625,3212400
1986-01-06,6.906250,7.031250,6.687500,6.718750,0.037239,3984800
1986-01-13,6.718750,6.718750,6.531250,6.687500,0.040055,1638000
1986-01-20,6.656250,6.718750,6.593750,6.687500,0.040055,852000
1986-01-27,6.687500,7.093750,6.687500,7.031250,0.042114,1492800
1986-02-03,7.031250,7.250000,7.031250,7.093750,0.042488,2021600
1986-02-10,7.093750,7.312500,7.031250,7.312500,0.043799,1291200
1986-02-17,7.343750,7.625000,7.343750,7.593750,0.045483,1494400
1986-02-24,7.593750,7.625000,7.500000,7.500000,0.044922,1411200
1986-03-03,7.500000,7.562500,7.437500,7.500000,0.044922,3682400
1986-03-10,7.500000,7.656250,7.500000,7.625000,0.045670,1082400
1986-03-17,7.625000,7.625000,7.343750,7.375000,0.044173,1922000
1986-03-24,7.375000,7.531250,7.343750,7.500000,0.044922,1327200
1986-03-31,7.500000,7.718750,7.281250,7.281250,0.043611,3157200
1986-04-07,7.281250,7.312500,6.937500,7.218750,0.046401,2008800
1986-04-14,7.218750,7.343750,7.125000,7.312500,0.047004,1513600
1986-04-21,7.312500,7.437500,7.218750,7.281250,0.046803,3442400
1986-04-28,7.281250,7.375000,7.125000,7.281250,0.046803,2714000
1986-05-05,7.281250,7.343750,7.156250,7.218750,0.046401,2366800
1986-05-12,7.218750,7.281250,7.156250,7.250000,0.046602,1628800
1986-05-19,7.250000,7.312500,7.218750,7.218750,0.046401,1142800
1986-05-26,7.250000,7.593750,7.250000,7.500000,0.048209,2144800
1986-06-02,7.500000,7.718750,7.500000,7.687500,0.049414,1164400
1986-06-09,7.687500,7.781250,7.531250,7.750000,0.049816,2488800
1986-06-16,7.750000,7.875000,7.718750,7.812500,0.050218,1154400
1986-06-23,7.812500,8.312500,7.781250,8.250000,0.053030,3225600
1986-06-30,8.250000,8.500000,8.156250,8.218750,0.052829,4785600
1986-07-07,8.218750,8.375000,7.781250,8.343750,0.057141,2397600
1986-07-14,8.343750,8.531250,8.250000,8.406250,0.057569,3246000
1986-07-21,8.406250,9.250000,8.343750,9.125000,0.062492,2572000
1986-07-28,9.125000,9.250000,8.812500,9.125000,0.062492,1924000
1986-08-04,9.125000,9.218750,8.906250,8.937500,0.061208,1582400
1986-08-11,8.937500,9.343750,8.937500,9.281250,0.063562,1961600
1986-08-18,9.281250,9.687500,9.250000,9.625000,0.065916,2228800
1986-08-25,9.625000,9.625000,9.250000,9.375000,0.064204,1485600
1986-09-01,9.375000,9.375000,8.750000,8.843750,0.060566,1312400
1986-09-08,8.718750,8.781250,8.000000,8.031250,0.055001,2736000
1986-09-15,8.031250,8.531250,8.000000,8.406250,0.057569,938400
1986-09-22,8.406250,8.718750,8.375000,8.625000,0.059068,592800
1986-09-29,8.625000,8.718750,8.500000,8.562500,0.058639,4799200
1986-10-06,8.406250,8.406250,7.937500,7.937500,0.054359,2389200
1986-10-13,7.937500,8.531250,7.812500,8.468750,0.061747,1391600
1986-10-20,8.468750,8.593750,8.375000,8.531250,0.062203,2413600
1986-10-27,8.531250,8.843750,8.468750,8.656250,0.063114,1902000
1986-11-03,8.656250,8.968750,8.656250,8.843750,0.064482,1413600
1986-11-10,8.843750,8.937500,8.718750,8.781250,0.064026,2655200
1986-11-17,8.781250,8.968750,8.562500,8.781250,0.064026,3683200
1986-11-24,8.781250,8.968750,8.750000,8.812500,0.064254,661600
1986-12-01,8.812500,8.968750,8.718750,8.875000,0.064709,1988400
1986-12-08,8.875000,8.968750,8.750000,8.750000,0.063798,1349200
1986-12-15,8.750000,8.875000,8.687500,8.750000,0.063798,2867200
1986-12-22,8.750000,8.812500,8.625000,8.750000,0.063798,1128800
1986-12-29,8.718750,8.812500,8.625000,8.750000,0.063798,1160400
1987-01-05,8.687500,8.968750,8.562500,8.906250,0.064937,2102000
1987-01-12,8.937500,9.062500,8.906250,9.031250,0.070222,1332800
1987-01-19,9.031250,9.156250,8.937500,9.000000,0.069980,2763200
1987-01-26,8.968750,9.000000,8.875000,8.937500,0.069494,1036400
1987-02-02,8.937500,9.125000,8.937500,8.968750,0.069737,1373600
1987-02-09,8.968750,9.000000,8.718750,8.781250,0.068279,1912800
1987-02-16,8.781250,8.937500,8.750000,8.781250,0.068279,1265600
1987-02-23,8.781250,8.906250,8.687500,8.875000,0.069008,1236400
1987-03-02,8.875000,8.937500,8.687500,8.687500,0.067550,2705200
1987-03-09,8.687500,8.718750,8.500000,8.562500,0.066578,6600800
1987-03-16,8.562500,8.593750,8.500000,8.562500,0.066578,3349200
1987-03-23,8.562500,8.781250,8.531250,8.687500,0.067550,1775200
1987-03-30,8.687500,8.718750,8.343750,8.343750,0.064877,1741600
1987-04-06,8.218750,8.218750,7.437500,7.500000,0.058316,11454400
1987-04-13,7.500000,7.812500,7.156250,7.750000,0.064471,2220000
1987-04-20,7.750000,8.187500,7.687500,7.781250,0.064731,1554000
1987-04-27,7.781250,8.156250,7.625000,7.968750,0.066291,1332400
1987-05-04,7.968750,8.250000,7.937500,8.093750,0.067331,777200
1987-05-11,8.093750,8.218750,7.625000,7.625000,0.063431,849600
1987-05-18,7.625000,7.687500,7.406250,7.593750,0.063171,1407200
1987-05-25,7.593750,7.875000,7.562500,7.843750,0.065251,940800
1987-06-01,7.843750,7.968750,7.750000,7.937500,0.066031,565600
1987-06-08,7.937500,8.312500,7.875000,8.250000,0.068631,1801200
1987-06-15,8.218750,8.343750,8.125000,8.281250,0.068891,1682000
1987-06-22,8.281250,8.312500,8.125000,8.250000,0.068631,771600
1987-06-29,8.250000,8.281250,8.187500,8.250000,0.068631,1015600
1987-07-06,8.125000,8.125000,7.968750,8.031250,0.066811,8696000
1987-07-13,8.031250,8.062500,7.875000,7.875000,0.070145,676800
1987-07-20,7.875000,7.875000,7.625000,7.718750,0.068753,1768400
1987-07-27,7.718750,7.781250,7.656250,7.750000,0.069032,1442000
1987-08-03,7.750000,7.812500,7.593750,7.718750,0.068753,2734800
1987-08-10,7.718750,8.187500,7.656250,8.187500,0.072929,3860400
1987-08-17,8.187500,8.187500,7.937500,8.062500,0.071815,2722000
1987-08-24,8.062500,8.125000,8.000000,8.031250,0.071537,1472400
1987-08-31,8.031250,8.125000,7.687500,7.781250,0.069310,1482800
1987-09-07,7.781250,7.812500,7.625000,7.750000,0.069032,972400
1987-09-14,7.750000,7.750000,7.531250,7.593750,0.067640,961600
1987-09-21,7.593750,7.750000,7.468750,7.656250,0.068196,1311600
1987-09-28,7.656250,7.937500,7.625000,7.937500,0.070702,2980800
1987-10-05,7.812500,7.812500,7.656250,7.781250,0.069310,1014800
1987-10-12,7.781250,8.093750,7.750000,7.781250,0.074420,1660000
1987-10-19,7.718750,7.875000,7.000000,7.500000,0.071730,1857200
1987-10-26,7.500000,7.593750,7.250000,7.562500,0.072328,1014400
1987-11-02,7.562500,7.625000,7.406250,7.531250,0.072029,1938400
1987-11-09,7.531250,7.656250,7.406250,7.531250,0.072029,842800
1987-11-16,7.531250,7.562500,7.437500,7.500000,0.071730,763200
1987-11-23,7.500000,7.656250,7.468750,7.593750,0.072626,704000
1987-11-30,7.593750,7.593750,7.218750,7.218750,0.069040,470400
1987-12-07,7.218750,7.500000,7.218750,7.312500,0.069937,918400
1987-12-14,7.312500,7.437500,7.281250,7.375000,0.070534,1570800
1987-12-21,7.375000,7.375000,7.062500,7.312500,0.069937,1142000
1987-12-28,7.312500,7.375000,7.156250,7.312500,0.069937,12507200
1988-01-04,7.156250,7.343750,7.125000,7.187500,0.068741,2291200
1988-01-11,7.250000,7.437500,7.156250,7.406250,0.076821,1049600
1988-01-18,7.343750,7.625000,7.312500,7.625000,0.079090,829200
1988-01-25,7.593750,8.250000,7.531250,8.218750,0.085249,2642800
1988-02-01,8.218750,8.343750,8.000000,8.156250,0.084601,2663600
1988-02-08,8.062500,8.125000,7.906250,7.906250,0.082008,856400
1988-02-15,7.937500,8.031250,7.843750,8.031250,0.083304,838400
1988-02-22,8.031250,8.187500,7.968750,8.093750,0.083952,1168400
1988-02-29,8.093750,8.125000,7.906250,8.062500,0.083628,1088800
1988-03-07,8.031250,8.062500,7.781250,7.937500,0.082332,868000
1988-03-14,7.906250,8.000000,7.781250,7.937500,0.082332,1010800
1988-03-21,7.875000,7.937500,7.656250,7.718750,0.080063,1669200
1988-03-28,7.718750,7.843750,7.656250,7.781250,0.080711,2228400
1988-04-04,7.750000,7.781250,7.531250,7.750000,0.080387,5937200
1988-04-11,7.750000,7.781250,7.437500,7.500000,0.084024,1494800
1988-04-18,7.437500,7.468750,7.281250,7.343750,0.082273,713600
1988-04-25,7.343750,7.656250,7.343750,7.593750,0.085074,2781200
1988-05-02,7.593750,7.750000,7.531250,7.625000,0.085424,1053200
1988-05-09,7.593750,7.718750,7.531250,7.687500,0.086124,859600
1988-05-16,7.718750,7.718750,7.593750,7.718750,0.086475,852000
1988-05-23,7.687500,7.875000,7.656250,7.812500,0.087525,942000
1988-05-30,7.843750,8.156250,7.843750,8.031250,0.089976,1189200
1988-06-06,8.031250,8.062500,7.937500,8.031250,0.089976,1033600
1988-06-13,8.062500,8.156250,8.000000,8.125000,0.091026,516400
1988-06-20,8.093750,8.187500,8.000000,8.062500,0.090326,768000
1988-06-27,8.062500,8.125000,8.031250,8.062500,0.090326,28884000
1988-07-04,7.875000,7.875000,7.750000,7.750000,0.086825,8189600
1988-07-11,7.812500,7.875000,7.656250,7.781250,0.093807,356000
1988-07-18,7.781250,7.781250,7.531250,7.562500,0.091169,822800
1988-07-25,7.562500,7.687500,7.468750,7.656250,0.092300,1276800
1988-08-01,7.687500,7.875000,7.656250,7.781250,0.093807,883600
1988-08-08,7.812500,7.812500,7.500000,7.593750,0.091546,427200
1988-08-15,7.593750,7.656250,7.468750,7.625000,0.091923,558800
1988-08-22,7.687500,7.687500,7.562500,7.687500,0.092676,1086800
1988-08-29,7.718750,7.906250,7.687500,7.906250,0.095314,1492800
1988-09-05,7.875000,8.000000,7.843750,8.000000,0.096444,1627200
1988-09-12,7.968750,8.031250,7.906250,8.000000,0.096444,1090000
1988-09-19,7.937500,8.000000,7.937500,8.000000,0.096444,243600
1988-09-26,8.000000,8.218750,7.968750,8.156250,0.098327,774400
1988-10-03,8.125000,8.218750,8.000000,8.218750,0.099081,15825200
1988-10-10,8.187500,8.187500,8.000000,8.093750,0.104875,941200
1988-10-17,8.093750,8.218750,8.062500,8.156250,0.105685,603200
1988-10-24,8.125000,8.250000,8.093750,8.187500,0.106090,568800
1988-10-31,8.156250,8.281250,8.156250,8.281250,0.107305,896400
1988-11-07,8.218750,8.250000,8.062500,8.125000,0.105280,1402800
1988-11-14,8.125000,8.312500,8.000000,8.031250,0.104065,431600
1988-11-21,8.000000,8.062500,7.906250,7.937500,0.102851,331200
1988-11-28,7.937500,8.093750,7.937500,8.062500,0.104470,695200
1988-12-05,8.031250,8.187500,8.031250,8.125000,0.105280,377200
1988-12-12,8.125000,8.218750,8.062500,8.218750,0.106495,559200
1988-12-19,8.187500,8.281250,8.156250,8.218750,0.106495,470800
1988-12-26,8.250000,8.312500,8.187500,8.187500,0.106090,565200
1989-01-02,8.250000,8.250000,8.000000,8.187500,0.106090,10803200
1989-01-09,8.156250,8.250000,8.156250,8.187500,0.114404,1136400
1989-01-16,8.187500,8.218750,8.125000,8.218750,0.114841,832800
1989-01-23,8.218750,8.250000,8.125000,8.218750,0.114841,594000
1989-01-30,8.218750,8.281250,8.156250,8.281250,0.115714,1117600
1989-02-06,8.281250,8.281250,8.125000,8.156250,0.113967,1720000
1989-02-13,8.156250,8.281250,8.125000,8.250000,0.115277,946000
1989-02-20,8.250000,8.281250,8.093750,8.125000,0.113531,1261200
1989-02-27,8.093750,8.187500,8.093750,8.125000,0.113531,862400
1989-03-06,8.156250,8.250000,8.125000,8.156250,0.113967,758800
1989-03-13,8.218750,8.250000,8.125000,8.125000,0.113531,1072800
1989-03-20,8.125000,8.187500,8.125000,8.187500,0.114404,1117600
1989-03-27,8.156250,8.218750,8.125000,8.187500,0.114404,892800
1989-04-03,8.187500,8.218750,8.031250,8.125000,0.113531,6844400
1989-04-10,8.093750,8.218750,8.093750,8.187500,0.123369,561600
1989-04-17,8.187500,8.250000,8.156250,8.218750,0.123840,2363200
1989-04-24,8.156250,8.343750,8.156250,8.281250,0.124782,706800
1989-05-01,8.281250,8.437500,8.218750,8.406250,0.126665,818000
1989-05-08,8.375000,8.437500,8.281250,8.437500,0.127136,668800
1989-05-15,8.406250,8.562500,8.375000,8.500000,0.128078,837200
1989-05-22,8.500000,8.687500,8.468750,8.656250,0.130432,542800
1989-05-29,8.656250,8.875000,8.625000,8.875000,0.133729,410800
1989-06-05,8.875000,9.000000,8.843750,8.968750,0.135141,500000
1989-06-12,9.000000,9.000000,8.875000,8.875000,0.133729,720400
1989-06-19,8.906250,8.937500,8.781250,8.906250,0.134200,605600
1989-06-26,8.968750,9.000000,8.781250,8.843750,0.133258,2824800
1989-07-03,8.875000,8.906250,8.718750,8.875000,0.133729,5328400
1989-07-10,8.906250,9.062500,8.875000,9.000000,0.145321,1147200
1989-07-17,9.000000,9.093750,8.937500,9.000000,0.145321,414800
1989-07-24,9.000000,9.125000,8.968750,9.125000,0.147339,397200
1989-07-31,9.093750,9.312500,9.062500,9.156250,0.147844,696400
1989-08-07,9.156250,9.312500,9.156250,9.187500,0.148348,755600
1989-08-14,9.218750,9.218750,9.093750,9.125000,0.147339,526400
1989-08-21,9.125000,9.156250,8.906250,9.031250,0.145825,787600
1989-08-28,9.000000,9.093750,8.968750,9.031250,0.145825,775600
1989-09-04,9.031250,9.062500,8.968750,9.031250,0.145825,1100800
1989-09-11,9.031250,9.062500,8.968750,9.031250,0.145825,656000
1989-09-18,9.000000,9.062500,8.968750,9.000000,0.145321,429200
1989-09-25,9.000000,9.093750,9.000000,9.062500,0.146330,263600
1989-10-02,9.093750,9.125000,8.937500,9.000000,0.145321,5808800
1989-10-09,9.000000,9.062500,8.937500,8.968750,0.154917,391200
1989-10-16,8.906250,9.000000,8.843750,8.968750,0.154917,1538000
1989-10-23,8.968750,9.031250,8.968750,9.000000,0.155457,310800
1989-10-30,8.968750,9.218750,8.968750,9.187500,0.158696,668400
1989-11-06,9.187500,9.343750,9.125000,9.312500,0.160855,678000
1989-11-13,9.281250,9.437500,9.250000,9.375000,0.161935,825200
1989-11-20,9.375000,9.375000,9.281250,9.343750,0.161395,689200
1989-11-27,9.343750,9.500000,9.312500,9.500000,0.164094,278800
1989-12-04,9.500000,9.562500,9.406250,9.468750,0.163554,314800
1989-12-11,9.468750,9.562500,9.406250,9.468750,0.163554,837600
1989-12-18,9.468750,9.562500,9.468750,9.531250,0.164633,671600
1989-12-25,9.562500,9.750000,9.500000,9.750000,0.168412,737600
1990-01-01,9.687500,9.812500,9.375000,9.375000,0.161935,2402400
1990-01-08,9.312500,9.343750,9.000000,9.093750,0.167780,1495200
1990-01-15,9.062500,9.093750,8.968750,9.031250,0.166627,3538000
1990-01-22,9.031250,9.062500,8.906250,8.937500,0.164897,982400
1990-01-29,8.906250,9.125000,8.843750,9.125000,0.168357,1247600
1990-02-05,9.093750,9.187500,9.062500,9.125000,0.168357,333200
1990-02-12,9.125000,9.156250,9.031250,9.156250,0.168933,411600
1990-02-19,9.156250,9.156250,8.906250,9.000000,0.166050,910000
1990-02-26,8.968750,9.093750,8.968750,9.093750,0.167780,854000
1990-03-05,9.093750,9.187500,9.062500,9.093750,0.167780,808000
1990-03-12,9.093750,9.125000,9.062500,9.093750,0.167780,990000
1990-03-19,9.062500,9.093750,8.906250,8.937500,0.164897,572400
1990-03-26,9.000000,9.031250,8.906250,9.000000,0.166050,328800
1990-04-02,9.000000,9.062500,8.843750,8.875000,0.163744,1470800
1990-04-09,8.875000,8.906250,8.812500,8.843750,0.175240,509200
1990-04-16,8.812500,8.875000,8.625000,8.625000,0.170905,604000
1990-04-23,8.593750,8.625000,8.343750,8.375000,0.165951,632800
1990-04-30,8.375000,8.625000,8.250000,8.625000,0.170905,1484000
1990-05-07,8.625000,8.875000,8.562500,8.812500,0.174620,233600
1990-05-14,8.843750,8.937500,8.781250,8.781250,0.174001,384400
1990-05-21,8.781250,8.843750,8.656250,8.718750,0.172763,208400
1990-05-28,8.687500,8.718750,8.531250,8.687500,0.172143,394000
1990-06-04,8.687500,8.968750,8.656250,8.812500,0.174620,445600
1990-06-11,8.875000,8.968750,8.843750,8.875000,0.175859,786000
1990-06-18,8.843750,8.875000,8.781250,8.843750,0.175240,1829600
1990-06-25,8.843750,8.843750,8.687500,8.812500,0.174620,231200
1990-07-02,8.812500,8.875000,8.437500,8.531250,0.169047,2137200
1990-07-09,8.562500,8.687500,8.500000,8.593750,0.183124,430000
1990-07-16,8.562500,8.656250,8.437500,8.500000,0.181126,262400
1990-07-23,8.500000,8.500000,8.343750,8.468750,0.180460,786400
1990-07-30,8.406250,9.187500,8.406250,8.812500,0.187785,1494000
1990-08-06,8.750000,8.750000,8.593750,8.656250,0.184456,506800
1990-08-13,8.656250,8.750000,8.468750,8.562500,0.182458,620800
1990-08-20,8.593750,8.593750,8.281250,8.312500,0.177131,630000
1990-08-27,8.375000,8.500000,8.375000,8.437500,0.179794,653200
1990-09-03,8.437500,8.437500,8.343750,8.406250,0.179128,568800
1990-09-10,8.406250,8.468750,8.218750,8.281250,0.176465,442400
1990-09-17,8.218750,8.500000,8.218750,8.468750,0.180460,723200
1990-09-24,8.437500,8.593750,8.406250,8.593750,0.183124,1082400
1990-10-01,8.687500,8.843750,8.562500,8.718750,0.185787,4230400
1990-10-08,8.687500,8.875000,8.687500,8.812500,0.201996,1729600
1990-10-15,8.843750,9.031250,8.781250,9.000000,0.206294,241600
1990-10-22,8.968750,9.250000,8.968750,9.218750,0.211309,654400
1990-10-29,9.218750,9.687500,9.187500,9.687500,0.222053,792800
1990-11-05,9.718750,9.718750,9.500000,9.562500,0.219188,562400
1990-11-12,9.531250,9.625000,9.468750,9.562500,0.219188,396000
1990-11-19,9.562500,9.593750,9.343750,9.468750,0.217039,236800
1990-11-26,9.406250,9.687500,9.375000,9.687500,0.222053,766000
1990-12-03,9.656250,9.937500,9.593750,9.843750,0.225634,541200
1990-12-10,9.812500,9.906250,9.718750,9.812500,0.224918,657200
1990-12-17,9.781250,9.906250,9.718750,9.875000,0.226351,1031200
1990-12-24,9.812500,9.843750,9.750000,9.812500,0.224918,356800
1990-12-31,9.843750,9.843750,9.437500,9.531250,0.218471,1912800
1991-01-07,9.500000,9.531250,9.281250,9.343750,0.229451,1426400
1991-01-14,9.281250,9.406250,9.187500,9.406250,0.230985,459600
1991-01-21,9.375000,9.437500,9.281250,9.343750,0.229451,1332400
1991-01-28,9.343750,9.437500,9.250000,9.406250,0.230985,869600
1991-02-04,9.406250,9.843750,9.375000,9.843750,0.241729,1009200
1991-02-11,9.812500,10.093750,9.812500,9.937500,0.244031,702400
1991-02-18,9.875000,10.000000,9.781250,9.968750,0.244799,476800
1991-02-25,10.000000,10.031250,9.625000,9.687500,0.237892,491200
1991-03-04,9.687500,9.812500,9.593750,9.687500,0.237892,338000
1991-03-11,9.687500,9.875000,9.656250,9.812500,0.240961,829200
1991-03-18,9.781250,9.843750,9.656250,9.843750,0.241729,461200
1991-03-25,9.843750,10.031250,9.843750,9.906250,0.243264,273200
1991-04-01,9.875000,10.125000,9.812500,9.875000,0.242496,2096000
1991-04-08,9.875000,9.968750,9.781250,9.968750,0.261565,398400
1991-04-15,9.937500,10.125000,9.875000,9.875000,0.259105,317600
1991-04-22,9.812500,9.937500,9.718750,9.906250,0.259925,512800
1991-04-29,9.937500,10.125000,9.875000,10.062500,0.264024,1290000
1991-05-06,10.031250,10.125000,10.000000,10.093750,0.264844,567600
1991-05-13,10.093750,10.093750,9.937500,10.000000,0.262385,570800
1991-05-20,9.968750,10.000000,9.437500,9.437500,0.247625,1964400
1991-05-27,9.406250,9.437500,9.187500,9.250000,0.242706,1226800
1991-06-03,9.250000,9.531250,9.250000,9.468750,0.248445,1032800
1991-06-10,9.500000,9.625000,9.468750,9.500000,0.249265,1249200
1991-06-17,9.437500,9.562500,9.375000,9.468750,0.248445,1273200
1991-06-24,9.437500,9.500000,9.343750,9.437500,0.247625,1060400
1991-07-01,9.437500,9.531250,9.281250,9.343750,0.245166,1914800
1991-07-08,9.343750,9.343750,9.156250,9.187500,0.258563,1306800
1991-07-15,9.187500,9.375000,9.156250,9.343750,0.262961,546000
1991-07-22,9.343750,9.343750,9.125000,9.250000,0.260322,831600
1991-07-29,9.312500,9.500000,9.312500,9.500000,0.267358,1625600
1991-08-05,9.468750,9.593750,9.437500,9.562500,0.269117,906800
1991-08-12,9.562500,9.656250,9.531250,9.593750,0.269996,489600
1991-08-19,9.531250,9.875000,9.500000,9.875000,0.277912,996800
1991-08-26,9.812500,9.968750,9.812500,9.968750,0.280550,446800
1991-09-02,9.937500,9.968750,9.812500,9.968750,0.280550,814000
1991-09-09,9.968750,10.031250,9.937500,10.031250,0.282309,910800
1991-09-16,10.000000,10.218750,10.000000,10.218750,0.287586,984400
1991-09-23,10.187500,10.437500,10.187500,10.437500,0.293742,1281200
1991-09-30,10.437500,10.468750,10.062500,10.093750,0.284068,1257200
1991-10-07,10.093750,10.093750,9.812500,9.843750,0.295456,646400
1991-10-14,9.843750,9.843750,9.562500,9.625000,0.288890,1150000
1991-10-21,9.593750,9.750000,9.593750,9.750000,0.292642,951600
1991-10-28,9.781250,10.093750,9.781250,10.093750,0.302960,1400800
1991-11-04,10.093750,10.250000,10.031250,10.218750,0.306711,986800
1991-11-11,10.218750,10.250000,10.156250,10.218750,0.306711,354800
1991-11-18,10.187500,10.218750,10.125000,10.156250,0.304835,358000
1991-11-25,10.156250,10.156250,10.062500,10.125000,0.303897,409600
1991-12-02,10.125000,10.343750,10.125000,10.281250,0.308587,961200
1991-12-09,10.343750,10.500000,10.343750,10.468750,0.314215,593200
1991-12-16,10.468750,10.468750,10.343750,10.468750,0.314215,1082400
1991-12-23,10.531250,10.875000,10.500000,10.843750,0.325470,446000
1991-12-30,10.843750,11.000000,10.781250,11.000000,0.330160,989200
1992-01-06,10.812500,10.875000,10.406250,10.468750,0.314215,3386800
1992-01-13,10.437500,10.468750,10.000000,10.062500,0.321455,1099200
1992-01-20,10.093750,10.187500,10.000000,10.156250,0.324450,942000
1992-01-27,10.125000,10.156250,10.000000,10.031250,0.320457,955600
1992-02-03,10.031250,10.218750,9.781250,9.843750,0.314467,1191200
1992-02-10,9.812500,9.812500,9.687500,9.718750,0.310473,940800
1992-02-17,9.718750,9.750000,9.625000,9.656250,0.308477,1057600
1992-02-24,9.625000,9.718750,9.468750,9.718750,0.310473,2299200
1992-03-02,9.718750,9.750000,9.593750,9.625000,0.307479,771200
1992-03-09,9.625000,9.718750,9.531250,9.593750,0.306480,1020400
1992-03-16,9.562500,9.718750,9.531250,9.656250,0.308477,1080800
1992-03-23,9.625000,9.718750,9.437500,9.468750,0.302487,524800
1992-03-30,9.468750,9.718750,9.375000,9.406250,0.300490,960800
1992-04-06,9.281250,9.375000,9.093750,9.343750,0.298494,4851200
1992-04-13,9.281250,9.500000,9.250000,9.437500,0.324425,698400
1992-04-20,9.468750,9.500000,9.343750,9.406250,0.323350,912000
1992-04-27,9.406250,9.406250,9.250000,9.406250,0.323350,911600
1992-05-04,9.406250,9.593750,9.375000,9.531250,0.327648,1276400
1992-05-11,9.562500,9.687500,9.468750,9.531250,0.327648,1016800
1992-05-18,9.593750,9.718750,9.093750,9.125000,0.313682,1209600
1992-05-25,9.093750,9.093750,7.531250,7.812500,0.268564,7150400
1992-06-01,7.812500,8.406250,7.781250,8.250000,0.283603,5415600
1992-06-08,8.250000,8.375000,8.218750,8.281250,0.284677,2440400
1992-06-15,8.281250,8.281250,8.218750,8.281250,0.284677,1902000
1992-06-22,8.250000,8.281250,8.187500,8.281250,0.284677,1782800
1992-06-29,8.281250,8.468750,8.250000,8.468750,0.291123,2457600
1992-07-06,8.281250,8.718750,8.250000,8.625000,0.296494,3915200
1992-07-13,8.593750,8.687500,8.593750,8.625000,0.321760,1010800
1992-07-20,8.531250,8.531250,8.343750,8.406250,0.313599,1452400
1992-07-27,8.406250,8.718750,8.375000,8.625000,0.321760,1625200
1992-08-03,8.625000,8.718750,8.531250,8.562500,0.319428,1337600
1992-08-10,8.531250,8.562500,8.343750,8.531250,0.318263,950400
1992-08-17,8.500000,8.593750,8.437500,8.531250,0.318263,931200
1992-08-24,8.500000,8.531250,8.281250,8.281250,0.308936,942400
1992-08-31,8.312500,8.343750,8.031250,8.031250,0.299610,1679200
1992-09-07,8.093750,8.343750,7.750000,8.281250,0.308936,2081200
1992-09-14,8.312500,8.468750,8.281250,8.437500,0.314765,1491200
1992-09-21,8.375000,8.562500,8.312500,8.531250,0.318263,1494400
1992-09-28,8.531250,8.718750,8.531250,8.593750,0.320594,11245200
1992-10-05,8.375000,8.437500,8.250000,8.312500,0.310102,4979600
1992-10-12,8.312500,8.468750,8.250000,8.343750,0.337375,1142800
1992-10-19,8.281250,8.312500,8.093750,8.093750,0.327266,1172400
1992-10-26,8.125000,8.250000,8.062500,8.250000,0.333584,1208400
1992-11-02,8.250000,8.250000,8.093750,8.187500,0.331057,1517600
1992-11-09,8.187500,8.187500,8.031250,8.187500,0.331057,753600
1992-11-16,8.187500,8.187500,8.031250,8.125000,0.328530,2619600
1992-11-23,8.093750,8.156250,8.031250,8.062500,0.326002,997600
1992-11-30,8.062500,8.187500,8.031250,8.125000,0.328530,1495600
1992-12-07,8.156250,8.437500,8.062500,8.406250,0.339902,1680000
1992-12-14,8.468750,8.500000,8.375000,8.437500,0.341165,1678000
1992-12-21,8.468750,8.562500,8.250000,8.562500,0.346219,1384400
1992-12-28,8.562500,8.625000,8.500000,8.531250,0.344956,5971200
1993-01-04,8.343750,8.437500,8.281250,8.343750,0.337375,2608000
1993-01-11,8.312500,8.562500,8.250000,8.531250,0.374118,2316800
1993-01-18,8.500000,8.562500,8.437500,8.500000,0.372747,1622400
1993-01-25,8.500000,8.687500,8.437500,8.656250,0.379599,2230000
1993-02-01,8.656250,8.750000,8.562500,8.625000,0.378229,3033600
1993-02-08,8.593750,8.937500,8.437500,8.906250,0.390563,2132800
1993-02-15,8.937500,8.937500,8.437500,8.687500,0.380970,1807600
1993-02-22,8.812500,8.968750,8.750000,8.843750,0.387822,1722400
1993-03-01,8.812500,8.968750,8.750000,8.843750,0.387822,1644000
1993-03-08,8.843750,8.906250,8.750000,8.750000,0.383711,1725200
1993-03-15,8.781250,8.906250,8.718750,8.906250,0.390563,1115200
1993-03-22,8.906250,8.906250,8.718750,8.843750,0.387822,1427600
1993-03-29,8.843750,8.906250,8.593750,8.625000,0.378229,8446800
1993-04-05,8.625000,8.781250,8.593750,8.750000,0.414791,4282800
1993-04-12,8.750000,8.968750,8.750000,8.968750,0.425161,1459200
1993-04-19,8.937500,8.968750,8.781250,8.812500,0.417754,1574000
1993-04-26,8.812500,8.843750,8.625000,8.750000,0.414791,958000
1993-05-03,8.718750,9.062500,8.718750,9.031250,0.428124,1624800
1993-05-10,9.000000,9.031250,8.750000,8.750000,0.414791,922000
1993-05-17,8.750000,8.781250,8.437500,8.687500,0.411828,1151600
1993-05-24,8.687500,8.875000,8.656250,8.781250,0.416272,605600
1993-05-31,8.781250,8.906250,8.750000,8.843750,0.419235,545200
1993-06-07,8.843750,9.031250,8.781250,9.000000,0.426642,1170400
1993-06-14,9.031250,9.156250,8.968750,9.062500,0.429605,1309200
1993-06-21,9.062500,9.406250,9.062500,9.218750,0.437012,3238000
1993-06-28,9.187500,9.281250,8.906250,8.937500,0.423679,7211200
1993-07-05,9.000000,9.000000,8.875000,8.906250,0.455141,4437600
1993-07-12,8.906250,8.906250,8.656250,8.718750,0.445560,2283200
1993-07-19,8.718750,8.718750,8.562500,8.562500,0.437574,2280400
1993-07-26,8.562500,8.781250,8.500000,8.750000,0.447156,2530800
1993-08-02,8.781250,9.093750,8.750000,9.031250,0.461530,2111200
1993-08-09,9.062500,9.093750,9.000000,9.031250,0.461530,1689200
1993-08-16,9.031250,9.125000,8.906250,8.968750,0.458336,986800
1993-08-23,8.937500,9.375000,8.906250,9.375000,0.479096,1374800
1993-08-30,9.375000,9.500000,9.343750,9.468750,0.483887,1186000
1993-09-06,9.437500,9.562500,9.406250,9.500000,0.485485,1759200
1993-09-13,9.500000,9.562500,9.437500,9.562500,0.488678,1677600
1993-09-20,9.531250,9.656250,9.375000,9.406250,0.480693,2556400
1993-09-27,9.406250,9.625000,9.406250,9.531250,0.487081,1994800
1993-10-04,9.406250,9.468750,9.156250,9.187500,0.469514,3675200
1993-10-11,9.156250,9.250000,8.750000,9.187500,0.504730,2403600
1993-10-18,9.218750,9.218750,8.875000,8.875000,0.487562,1682800
1993-10-25,8.875000,8.906250,8.656250,8.906250,0.489279,1463200
1993-11-01,8.875000,8.937500,8.312500,8.406250,0.461810,2406000
1993-11-08,8.468750,8.562500,8.375000,8.406250,0.461810,1218000
1993-11-15,8.375000,8.406250,8.250000,8.250000,0.453227,1467200
1993-11-22,8.250000,8.687500,8.218750,8.656250,0.475545,1578400
1993-11-29,8.718750,8.875000,8.656250,8.875000,0.487562,1367200
1993-12-06,8.843750,9.031250,8.843750,8.968750,0.492712,802000
1993-12-13,8.906250,9.218750,8.843750,9.156250,0.503013,1282400
1993-12-20,9.187500,9.250000,9.156250,9.218750,0.506446,926000
1993-12-27,9.218750,9.312500,9.156250,9.250000,0.508163,842000
1994-01-03,9.250000,9.312500,9.062500,9.218750,0.506446,3694000
1994-01-10,9.156250,9.218750,9.031250,9.062500,0.536427,1328000
1994-01-17,9.062500,9.062500,8.812500,8.843750,0.523479,1171200
1994-01-24,8.812500,9.125000,8.593750,9.062500,0.536427,2275200
1994-01-31,9.125000,9.125000,8.812500,8.812500,0.521629,1466400
1994-02-07,8.750000,8.812500,8.625000,8.625000,0.510530,1338400
1994-02-14,8.656250,8.781250,8.468750,8.468750,0.501282,1004000
1994-02-21,8.406250,8.656250,8.375000,8.625000,0.510530,1130000
1994-02-28,8.687500,8.906250,8.531250,8.875000,0.525329,3626000
1994-03-07,8.906250,9.031250,8.781250,8.968750,0.530878,2962000
1994-03-14,8.968750,9.062500,8.906250,9.000000,0.532728,1615200
1994-03-21,9.031250,9.062500,8.875000,8.875000,0.525329,1036800
1994-03-28,8.875000,8.937500,8.562500,8.656250,0.512380,1324800
1994-04-04,8.500000,8.625000,8.343750,8.468750,0.501282,4927600
1994-04-11,8.500000,8.500000,8.281250,8.468750,0.542997,1114400
1994-04-18,8.500000,8.875000,8.437500,8.656250,0.555019,1484800
1994-04-25,8.656250,8.718750,8.468750,8.718750,0.559026,712800
1994-05-02,8.750000,8.812500,8.500000,8.531250,0.547004,1441600
1994-05-09,8.468750,8.468750,7.625000,7.750000,0.496912,3592800
1994-05-16,7.718750,7.875000,7.625000,7.718750,0.494908,1810800
1994-05-23,7.687500,7.875000,7.593750,7.718750,0.494908,1299600
1994-05-30,7.750000,7.781250,7.625000,7.750000,0.496912,1132400
1994-06-06,7.781250,7.843750,7.750000,7.843750,0.502923,792000
1994-06-13,7.843750,7.843750,7.656250,7.656250,0.490901,693200
1994-06-20,7.656250,7.687500,7.343750,7.406250,0.474872,1522800
1994-06-27,7.406250,7.593750,7.375000,7.531250,0.482886,2378000
1994-07-04,7.531250,7.687500,7.468750,7.593750,0.533624,4024000
1994-07-11,7.593750,7.812500,7.531250,7.781250,0.546800,672400
1994-07-18,7.750000,7.843750,7.687500,7.750000,0.544604,705200
1994-07-25,7.687500,8.000000,7.687500,7.968750,0.559976,717600
1994-08-01,8.031250,8.437500,8.031250,8.156250,0.573152,2818000
1994-08-08,8.156250,8.406250,8.156250,8.343750,0.586328,4288400
1994-08-15,8.375000,8.468750,8.343750,8.406250,0.590720,1414000
1994-08-22,8.437500,8.500000,8.281250,8.468750,0.595112,2985600
1994-08-29,8.468750,8.593750,8.437500,8.437500,0.592916,1545200
1994-09-05,8.406250,8.406250,8.281250,8.312500,0.584132,873200
1994-09-12,8.281250,8.312500,8.156250,8.187500,0.575348,1050800
1994-09-19,8.156250,8.250000,8.062500,8.250000,0.579740,1101200
1994-09-26,8.218750,8.500000,8.218750,8.437500,0.592916,7355200
1994-10-03,8.312500,8.312500,8.156250,8.281250,0.581936,10133200
1994-10-10,8.312500,8.468750,8.281250,8.437500,0.643644,581200
1994-10-17,8.437500,8.468750,8.281250,8.343750,0.636493,586000
1994-10-24,8.281250,8.437500,8.250000,8.343750,0.636493,1206000
1994-10-31,8.406250,8.562500,8.375000,8.500000,0.648412,1187600
1994-11-07,8.500000,8.500000,8.156250,8.250000,0.629342,868800
1994-11-14,8.250000,8.250000,8.031250,8.031250,0.612654,1098400
1994-11-21,8.000000,8.250000,8.000000,8.218750,0.626958,1045600
1994-11-28,8.218750,8.343750,8.156250,8.218750,0.626958,803200
1994-12-05,8.187500,8.343750,8.156250,8.250000,0.629342,504800
1994-12-12,8.250000,8.437500,8.187500,8.343750,0.636493,528000
1994-12-19,8.375000,8.406250,8.125000,8.343750,0.636493,612000
1994-12-26,8.312500,8.343750,8.218750,8.281250,0.631725,15432000
1995-01-02,8.281250,8.343750,8.187500,8.281250,0.631725,2165200
1995-01-09,8.250000,8.375000,8.140625,8.375000,0.694431,818000
1995-01-16,8.375000,8.562500,8.343750,8.500000,0.704796,2002800
1995-01-23,8.500000,8.781250,8.375000,8.750000,0.725525,1072400
1995-01-30,8.750000,9.000000,8.687500,9.000000,0.746255,1969200
1995-02-06,8.968750,9.062500,8.906250,8.937500,0.741072,1164400
1995-02-13,8.906250,8.937500,8.718750,8.750000,0.725525,1470800
1995-02-20,8.718750,8.937500,8.718750,8.812500,0.730708,450000
1995-02-27,8.781250,8.843750,8.562500,8.562500,0.709978,904000
1995-03-06,8.531250,8.625000,8.437500,8.593750,0.712570,670400
1995-03-13,8.562500,8.687500,8.531250,8.593750,0.712570,824400
1995-03-20,8.593750,8.593750,8.312500,8.468750,0.702205,870800
1995-03-27,8.468750,8.593750,8.437500,8.562500,0.709978,747200
1995-04-03,8.531250,8.625000,8.312500,8.468750,0.702205,2568400
1995-04-10,8.406250,8.562500,8.375000,8.406250,0.756419,982400
1995-04-17,8.406250,8.562500,8.406250,8.500000,0.764856,902000
1995-04-24,8.500000,8.656250,8.468750,8.593750,0.773291,1696400
1995-05-01,8.656250,8.656250,8.375000,8.656250,0.778915,1700400
1995-05-08,8.625000,8.625000,8.468750,8.500000,0.764856,702000
1995-05-15,8.500000,8.562500,8.375000,8.437500,0.759232,938000
1995-05-22,8.406250,8.656250,8.406250,8.625000,0.776103,492400
1995-05-29,8.625000,8.937500,8.562500,8.906250,0.801412,1148400
1995-06-05,8.968750,9.093750,8.718750,8.750000,0.787351,1698800
1995-06-12,8.781250,8.906250,8.656250,8.687500,0.781727,1050000
1995-06-19,8.687500,8.781250,8.593750,8.781250,0.790163,1689200
1995-06-26,8.781250,8.875000,8.687500,8.781250,0.790163,1012000
1995-07-03,8.750000,8.843750,8.531250,8.625000,0.776103,2905600
1995-07-10,8.625000,8.656250,8.437500,8.531250,0.830085,1456800
1995-07-17,8.562500,8.625000,8.437500,8.437500,0.820963,2307600
1995-07-24,8.468750,8.562500,8.406250,8.468750,0.824004,1715600
1995-07-31,8.500000,8.562500,8.406250,8.500000,0.827045,1221600
1995-08-07,8.500000,8.562500,8.406250,8.406250,0.817922,1164000
1995-08-14,8.406250,8.718750,8.406250,8.656250,0.842248,1504400
1995-08-21,8.718750,8.968750,8.687500,8.937500,0.869613,4891200
1995-08-28,8.937500,8.953125,8.750000,8.843750,0.860491,1332000
1995-09-04,8.843750,8.906250,8.812500,8.812500,0.857451,1007600
1995-09-11,8.781250,9.031250,8.750000,9.031250,0.878735,1488400
1995-09-18,9.000000,9.125000,8.937500,9.125000,0.887857,922000
1995-09-25,9.093750,9.500000,9.062500,9.406250,0.915222,1083600
1995-10-02,9.375000,9.625000,9.218750,9.375000,0.912181,3499200
1995-10-09,9.375000,9.531250,9.281250,9.531250,0.996942,2310800
1995-10-16,9.562500,9.687500,9.437500,9.687500,1.013285,1313200
1995-10-23,9.656250,10.031250,9.625000,10.000000,1.045972,2224400
1995-10-30,9.968750,10.093750,9.937500,10.031250,1.049240,1645200
1995-11-06,10.000000,10.031250,9.750000,9.843750,1.029628,1287600
1995-11-13,9.812500,10.031250,9.781250,10.000000,1.045972,855600
1995-11-20,10.031250,10.093750,10.000000,10.062500,1.052509,608800
1995-11-27,10.031250,10.250000,10.031250,10.218750,1.068852,1324800
1995-12-04,10.187500,10.500000,10.156250,10.375000,1.085196,1032000
1995-12-11,10.375000,10.531250,10.312500,10.500000,1.098270,1030800
1995-12-18,10.468750,10.812500,10.437500,10.750000,1.124419,876800
1995-12-25,10.781250,10.906250,10.750000,10.750000,1.124419,1240400
1996-01-01,10.750000,10.906250,10.687500,10.812500,1.130957,1700000
1996-01-08,10.625000,10.718750,10.437500,10.468750,1.095002,4808800
1996-01-15,10.468750,10.500000,10.343750,10.468750,1.166186,941600
1996-01-22,10.468750,10.531250,10.406250,10.500000,1.169667,892800
1996-01-29,10.500000,10.625000,10.437500,10.437500,1.162705,921600
1996-02-05,10.406250,10.562500,10.406250,10.500000,1.169667,1272800
1996-02-12,10.500000,10.531250,10.343750,10.437500,1.162705,930000
1996-02-19,10.406250,10.437500,10.218750,10.406250,1.159224,752800
1996-02-26,10.375000,10.468750,10.250000,10.312500,1.148780,2010800
1996-03-04,10.312500,10.468750,10.187500,10.187500,1.134856,928800
1996-03-11,10.125000,10.156250,9.718750,9.718750,1.082638,1402400
1996-03-18,9.750000,9.937500,9.718750,9.875000,1.100044,1218800
1996-03-25,9.875000,9.968750,9.843750,9.968750,1.110488,1047600
1996-04-01,9.968750,10.031250,9.781250,9.843750,1.096563,456000
1996-04-08,9.593750,9.593750,9.218750,9.500000,1.058270,4817600
1996-04-15,9.500000,9.531250,9.375000,9.437500,1.127475,1143200
1996-04-22,9.468750,9.500000,9.406250,9.406250,1.123742,614800
1996-04-29,9.375000,9.500000,9.312500,9.437500,1.127475,646800
1996-05-06,9.437500,9.625000,9.250000,9.593750,1.146142,908000
1996-05-13,9.593750,9.781250,9.531250,9.625000,1.149875,550000
1996-05-20,9.562500,9.750000,9.562500,9.687500,1.157342,590400
1996-05-27,9.718750,9.750000,9.531250,9.531250,1.138675,1715600
1996-06-03,9.531250,9.656250,9.406250,9.437500,1.127475,634800
1996-06-10,9.437500,9.500000,9.375000,9.375000,1.120009,733600
1996-06-17,9.343750,9.500000,9.343750,9.468750,1.131209,1221600
1996-06-24,9.468750,9.968750,9.468750,9.906250,1.183476,1501600
1996-07-01,9.937500,10.031250,9.750000,9.812500,1.172276,590000
1996-07-08,9.562500,9.718750,9.531250,9.718750,1.161076,4274000
1996-07-15,9.750000,9.875000,9.593750,9.625000,1.233468,1721600
1996-07-22,9.625000,9.875000,9.625000,9.843750,1.261502,1218000
1996-07-29,9.843750,10.031250,9.812500,10.031250,1.285530,2112400
1996-08-05,10.031250,10.312500,10.031250,10.250000,1.313564,1684800
1996-08-12,10.218750,10.375000,10.125000,10.375000,1.329582,852800
1996-08-19,10.343750,10.468750,10.281250,10.312500,1.321574,589200
1996-08-26,10.343750,10.375000,10.000000,10.125000,1.297545,714400
1996-09-02,10.093750,10.187500,9.875000,10.125000,1.297545,1050000
1996-09-09,10.093750,10.375000,10.031250,10.281250,1.317569,624400
1996-09-16,10.343750,10.343750,10.062500,10.156250,1.301549,720800
1996-09-23,10.156250,10.156250,9.875000,9.968750,1.277520,1854400
1996-09-30,9.968750,10.281250,9.968750,10.156250,1.301549,588000
1996-10-07,10.156250,10.218750,9.906250,9.937500,1.273516,3834800
1996-10-14,9.906250,9.937500,9.531250,9.781250,1.341030,745600
1996-10-21,9.718750,9.750000,9.562500,9.562500,1.311038,2445200
1996-10-28,9.562500,9.937500,9.562500,9.875000,1.353883,1896000
1996-11-04,9.875000,10.218750,9.875000,10.125000,1.388159,1169600
1996-11-11,10.156250,10.250000,10.062500,10.156250,1.392443,2399600
1996-11-18,10.218750,10.218750,10.125000,10.187500,1.396727,1324400
1996-11-25,10.187500,10.312500,10.187500,10.281250,1.409580,1114400
1996-12-02,10.281250,10.343750,10.156250,10.281250,1.409580,1363600
1996-12-09,10.281250,10.375000,10.187500,10.218750,1.401011,1244800
1996-12-16,10.250000,10.468750,10.187500,10.375000,1.422434,1721600
1996-12-23,10.375000,10.375000,10.281250,10.375000,1.422434,635600
1996-12-30,10.375000,10.500000,10.281250,10.312500,1.413865,1224400
1997-01-06,10.281250,10.343750,10.125000,10.281250,1.409580,2348400
1997-01-13,10.281250,10.343750,10.125000,10.343750,1.515586,1454800
1997-01-20,10.375000,10.562500,10.281250,10.375000,1.520165,1127200
1997-01-27,10.375000,10.656250,10.375000,10.656250,1.561375,2318400
1997-02-03,10.625000,10.656250,10.406250,10.500000,1.538481,881600
1997-02-10,10.500000,10.625000,10.406250,10.531250,1.543059,970800
1997-02-17,10.531250,10.656250,10.406250,10.531250,1.543059,926800
1997-02-24,10.500000,10.625000,10.468750,10.531250,1.543059,749200
1997-03-03,10.531250,10.718750,10.531250,10.593750,1.552217,2202400
1997-03-10,10.562500,10.687500,10.468750,10.562500,1.547638,930000
1997-03-17,10.562500,10.593750,10.468750,10.531250,1.543059,1093200
1997-03-24,10.531250,10.750000,10.468750,10.562500,1.547638,1200800
1997-03-31,10.531250,10.625000,10.281250,10.562500,1.547638,1135200
1997-04-07,10.562500,10.625000,10.312500,10.406250,1.524744,4460400
1997-04-14,10.343750,10.437500,10.312500,10.406250,1.626547,470400
1997-04-21,10.375000,10.406250,10.156250,10.187500,1.592355,352000
1997-04-28,10.187500,10.531250,10.187500,10.468750,1.636316,1106000
1997-05-05,10.468750,10.875000,10.468750,10.593750,1.655854,987600
1997-05-12,10.562500,10.718750,10.531250,10.593750,1.655854,538400
1997-05-19,10.593750,10.687500,10.500000,10.625000,1.660738,707200
1997-05-26,10.656250,10.750000,10.562500,10.750000,1.680277,411600
1997-06-02,10.781250,10.781250,10.625000,10.687500,1.670507,478400
1997-06-09,10.687500,10.906250,10.593750,10.875000,1.699815,1184400
1997-06-16,10.906250,11.375000,10.843750,11.250000,1.758429,1553200
1997-06-23,11.281250,11.343750,11.062500,11.265625,1.760871,1056800
1997-06-30,11.234375,11.500000,11.171875,11.500000,1.797505,805600
1997-07-07,11.468750,11.625000,11.296875,11.375000,1.777967,3341600
1997-07-14,11.375000,11.546875,11.250000,11.343750,1.881282,655600
1997-07-21,11.312500,11.406250,11.203125,11.328125,1.878690,543200
1997-07-28,11.312500,11.437500,11.250000,11.406250,1.891647,1023200
1997-08-04,11.390625,11.593750,11.281250,11.359375,1.883873,868000
1997-08-11,11.343750,11.500000,11.171875,11.234375,1.863143,660400
1997-08-18,11.218750,11.281250,11.031250,11.125000,1.845003,1258000
1997-08-25,11.125000,11.234375,11.000000,11.109375,1.842412,514400
1997-09-01,11.062500,11.281250,11.062500,11.250000,1.865734,872000
1997-09-08,11.312500,11.468750,11.218750,11.453125,1.899421,526800
1997-09-15,11.437500,11.640625,11.406250,11.515625,1.909786,948000
1997-09-22,11.515625,11.750000,11.515625,11.750000,1.948656,1099600
1997-09-29,11.718750,12.078125,11.718750,11.953125,1.982342,1618000
1997-10-06,11.953125,12.015625,11.578125,11.718750,1.943473,3056800
1997-10-13,11.687500,11.937500,11.687500,11.750000,2.063933,1034400
1997-10-20,11.734375,12.015625,11.734375,11.984375,2.105101,1552800
1997-10-27,12.000000,12.156250,11.875000,12.109375,2.127058,2479200
1997-11-03,12.156250,12.296875,11.812500,11.968750,2.102356,1502800
1997-11-10,12.000000,12.234375,12.000000,12.218750,2.146271,592800
1997-11-17,12.234375,12.562500,12.093750,12.562500,2.206651,1742800
1997-11-24,12.546875,12.781250,12.421875,12.718750,2.234097,448400
1997-12-01,12.687500,12.843750,12.593750,12.734375,2.236841,888000
1997-12-08,12.718750,12.750000,12.515625,12.718750,2.234097,445600
1997-12-15,12.734375,13.046875,12.734375,13.046875,2.291733,895600
1997-12-22,13.062500,13.609375,13.046875,13.484375,2.368582,676800
1997-12-29,13.453125,13.687500,13.421875,13.484375,2.368582,1004800
1998-01-05,13.500000,13.578125,12.937500,12.953125,2.275265,5885600
1998-01-12,12.968750,13.093750,12.843750,12.984375,2.400527,1166000
1998-01-19,12.984375,13.093750,12.890625,12.921875,2.388973,856800
1998-01-26,12.890625,13.218750,12.890625,13.078125,2.417862,1640400
1998-02-02,13.156250,13.187500,12.953125,13.125000,2.426527,828400
1998-02-09,13.156250,13.171875,12.906250,12.984375,2.400527,1016000
1998-02-16,12.984375,13.437500,12.984375,13.406250,2.478523,1719200
1998-02-23,13.421875,13.562500,13.265625,13.500000,2.495855,1587200
1998-03-02,13.453125,13.625000,13.390625,13.515625,2.498746,1186800
1998-03-09,13.484375,13.984375,13.468750,13.796875,2.550743,1303600
1998-03-16,13.765625,14.234375,13.718750,14.203125,2.625848,1258800
1998-03-23,14.171875,14.375000,13.921875,14.000000,2.588295,1019600
1998-03-30,13.953125,14.468750,13.953125,14.234375,2.631625,1128800
1998-04-06,14.203125,14.234375,13.875000,13.906250,2.570963,3286800
1998-04-13,13.921875,14.000000,13.640625,13.953125,2.707225,1190000
1998-04-20,13.968750,13.968750,13.187500,13.218750,2.564740,673200
1998-04-27,13.265625,13.875000,13.062500,13.593750,2.637498,3101600
1998-05-04,13.578125,13.625000,13.281250,13.390625,2.598088,852400
1998-05-11,13.421875,13.500000,13.312500,13.328125,2.585961,1980400
1998-05-18,13.328125,13.375000,13.000000,13.078125,2.537455,1054400
1998-05-25,13.109375,13.406250,13.062500,13.406250,2.601118,2900400
1998-06-01,13.390625,13.875000,13.390625,13.828125,2.682971,1140400
1998-06-08,13.812500,14.062500,13.796875,13.968750,2.710257,1182800
1998-06-15,14.000000,14.031250,13.593750,13.718750,2.661752,1194400
1998-06-22,13.718750,13.875000,13.437500,13.625000,2.643561,731200
1998-06-29,13.718750,13.968750,13.500000,13.781250,2.673877,1044200
1998-07-06,13.750000,13.812500,13.218750,13.406250,2.601118,4766800
1998-07-13,13.375000,13.500000,13.281250,13.468750,2.678156,1030400
1998-07-20,13.437500,13.500000,13.031250,13.156250,2.616017,692800
1998-07-27,13.062500,13.343750,12.906250,13.031250,2.591162,1388600
1998-08-03,13.000000,13.343750,12.906250,13.281250,2.640872,4115400
1998-08-10,13.343750,13.500000,12.937500,13.375000,2.659515,949800
1998-08-17,13.375000,13.781250,12.812500,13.781250,2.740294,1663600
1998-08-24,13.781250,14.031250,13.375000,13.781250,2.740294,1218200
1998-08-31,13.781250,13.906250,13.500000,13.656250,2.715437,1675600
1998-09-07,13.687500,13.937500,13.468750,13.718750,2.727867,2349400
1998-09-14,13.687500,14.250000,13.562500,14.218750,2.827287,1968800
1998-09-21,14.093750,14.437500,13.875000,14.031250,2.790005,1051800
1998-09-28,14.093750,14.875000,14.093750,14.781250,2.939136,1084000
1998-10-05,14.656250,15.000000,14.343750,14.406250,2.864569,4331000
1998-10-12,14.281250,14.500000,13.562500,14.093750,2.866922,1292600
1998-10-19,14.031250,14.156250,13.062500,13.406250,2.727072,1533600
1998-10-26,13.531250,13.687500,12.968750,13.281250,2.701645,2919400
1998-11-02,13.437500,13.593750,13.125000,13.250000,2.695288,2015600
1998-11-09,13.250000,13.468750,13.125000,13.281250,2.701645,1736000
1998-11-16,13.312500,13.656250,13.156250,13.562500,2.758857,2549200
1998-11-23,13.750000,14.250000,13.718750,14.000000,2.847852,1159200
1998-11-30,14.000000,14.156250,13.812500,14.156250,2.879636,1173000
1998-12-07,14.156250,14.406250,13.875000,14.031250,2.854209,942800
1998-12-14,14.000000,14.062500,13.656250,13.875000,2.822426,878800
1998-12-21,14.000000,14.156250,13.687500,13.875000,2.822426,577400
1998-12-28,13.843750,14.500000,13.781250,14.500000,2.949561,603600
1999-01-04,14.500000,14.531250,13.750000,13.875000,2.822426,3908400
1999-01-11,13.843750,13.875000,13.156250,13.406250,2.792078,1367800
1999-01-18,13.468750,13.500000,13.187500,13.343750,2.779063,1312400
1999-01-25,13.312500,13.312500,12.656250,12.656250,2.635880,1333800
1999-02-01,12.781250,12.906250,11.937500,12.468750,2.596828,1941000
1999-02-08,12.468750,12.593750,12.031250,12.062500,2.512221,1421400
1999-02-15,12.031250,12.687500,12.031250,12.250000,2.551269,1006200
1999-02-22,12.250000,12.312500,11.812500,11.937500,2.486187,899000
1999-03-01,11.843750,12.656250,11.750000,12.625000,2.629371,1386200
1999-03-08,12.593750,12.625000,12.187500,12.625000,2.629371,1405600
1999-03-15,12.625000,12.656250,12.187500,12.218750,2.544762,1383400
1999-03-22,12.187500,12.875000,12.000000,12.218750,2.544762,1476200
1999-03-29,12.187500,12.218750,11.281250,11.750000,2.447136,1777000
1999-04-05,11.781250,12.062500,11.312500,11.593750,2.414595,1696800
1999-04-12,11.500000,11.718750,10.906250,11.562500,2.478407,1223200
1999-04-19,11.562500,12.125000,11.500000,11.781250,2.525296,1465000
1999-04-26,11.781250,11.843750,11.562500,11.843750,2.538693,1946200
1999-05-03,11.906250,12.437500,11.843750,12.000000,2.572185,1035200
1999-05-10,12.000000,12.250000,11.937500,12.000000,2.572185,1948400
1999-05-17,12.000000,12.437500,11.968750,12.343750,2.645867,791800
1999-05-24,12.343750,12.906250,12.343750,12.875000,2.759740,1099200
1999-05-31,12.906250,12.906250,12.593750,12.656250,2.712851,1014600
1999-06-07,12.593750,12.687500,12.187500,12.312500,2.639169,1440400
1999-06-14,12.406250,12.968750,12.406250,12.531250,2.686057,1407800
1999-06-21,12.406250,12.687500,12.312500,12.312500,2.639169,1098200
1999-06-28,12.343750,12.468750,11.875000,12.187500,2.612375,1147800
1999-07-05,12.125000,12.218750,11.718750,11.968750,2.565488,4865400
1999-07-12,12.031250,12.218750,11.968750,12.093750,2.665179,933800
1999-07-19,12.125000,12.156250,11.750000,12.031250,2.651406,2194400
1999-07-26,11.937500,12.312500,11.843750,11.843750,2.610084,1962800
1999-08-02,11.937500,12.125000,11.718750,11.843750,2.610084,1009600
1999-08-09,11.718750,11.781250,11.531250,11.593750,2.554991,701200
1999-08-16,11.531250,11.750000,11.281250,11.718750,2.582537,785200
1999-08-23,11.750000,12.000000,11.562500,11.812500,2.603198,820600
1999-08-30,11.906250,12.000000,11.468750,11.718750,2.582537,954000
1999-09-06,11.718750,11.843750,11.375000,11.531250,2.541217,1305400
1999-09-13,11.468750,11.562500,11.281250,11.562500,2.548104,1212600
1999-09-20,11.562500,11.687500,11.156250,11.156250,2.458576,1619200
1999-09-27,11.281250,11.312500,10.843750,11.281250,2.486123,1567200
1999-10-04,11.250000,11.531250,11.125000,11.125000,2.451689,5410800
1999-10-11,11.187500,11.187500,10.781250,10.875000,2.469376,839800
1999-10-18,10.812500,11.062500,10.656250,10.843750,2.462281,1204800
1999-10-25,10.781250,11.375000,10.781250,11.343750,2.575814,826200
1999-11-01,11.562500,11.593750,11.250000,11.437500,2.597103,948600
1999-11-08,11.437500,11.468750,10.937500,11.250000,2.554526,805000
1999-11-15,11.187500,11.375000,10.781250,10.812500,2.455185,1012800
1999-11-22,10.750000,10.812500,10.375000,10.625000,2.412609,855400
1999-11-29,10.625000,10.750000,10.250000,10.687500,2.426801,924200
1999-12-06,10.687500,10.843750,9.750000,9.906250,2.249404,2028400
1999-12-13,9.781250,9.781250,9.218750,9.531250,2.164252,2698400
1999-12-20,9.593750,9.593750,9.343750,9.531250,2.164252,1404600
1999-12-27,9.500000,9.562500,9.312500,9.500000,2.157156,1241600
2000-01-03,9.500000,9.750000,8.968750,9.562500,2.171348,6134200
2000-01-10,9.625000,9.625000,9.218750,9.250000,2.175545,1680800
2000-01-17,9.125000,9.500000,8.906250,9.406250,2.212294,1162000
2000-01-24,9.375000,9.937500,9.156250,9.781250,2.300492,3392400
2000-01-31,9.906250,10.437500,9.687500,10.218750,2.403389,1970200
2000-02-07,10.218750,10.250000,9.656250,9.656250,2.271092,1184800
2000-02-14,9.781250,10.000000,9.375000,9.468750,2.226994,1189600
2000-02-21,9.500000,9.562500,8.781250,8.843750,2.079996,1007400
2000-02-28,8.812500,8.812500,8.312500,8.531250,2.006499,2349000
2000-03-06,8.500000,8.687500,8.250000,8.500000,1.999148,1678200
2000-03-13,8.531250,9.437500,8.281250,8.937500,2.102047,1775200
2000-03-20,9.031250,9.125000,8.531250,8.937500,2.102047,1871400
2000-03-27,8.937500,9.906250,8.750000,9.593750,2.256392,2793600
2000-04-03,9.625000,10.093750,9.468750,9.531250,2.241692,6984200
2000-04-10,9.562500,10.093750,9.562500,9.750000,2.372267,2270800
2000-04-17,9.750000,9.937500,9.468750,9.750000,2.372267,1902000
2000-04-24,9.781250,10.312500,9.687500,9.906250,2.410284,4874400
2000-05-01,10.031250,10.031250,9.343750,9.625000,2.341853,2178600
2000-05-08,9.687500,10.531250,9.656250,10.250000,2.493920,3409800
2000-05-15,10.156250,10.625000,10.000000,10.218750,2.486317,3022800
2000-05-22,10.218750,10.593750,9.812500,10.250000,2.493920,2773400
2000-05-29,10.062500,10.062500,9.562500,9.656250,2.349457,4741200
2000-06-05,9.656250,9.656250,9.156250,9.625000,2.341853,3117600
2000-06-12,9.687500,9.968750,9.500000,9.875000,2.402680,2170600
2000-06-19,9.812500,10.062500,9.562500,9.781250,2.379869,2651600
2000-06-26,9.812500,10.218750,9.242150,9.250000,2.250611,4850600
2000-07-03,9.437500,10.000000,9.437500,9.687500,2.357059,5921000
2000-07-10,9.687500,9.937500,9.625000,9.812500,2.472048,1343600
2000-07-17,9.750000,10.031250,9.625000,9.812500,2.472048,1610400
2000-07-24,9.625000,9.812500,9.375000,9.593750,2.416938,2743800
2000-07-31,9.593750,10.250000,9.437500,10.031250,2.527157,1699600
2000-08-07,10.000000,10.562500,10.000000,10.437500,2.629503,1315400
2000-08-14,10.468750,10.750000,10.312500,10.500000,2.645248,3554800
2000-08-21,10.531250,10.593750,10.343750,10.406250,2.621630,1366000
2000-08-28,10.437500,10.843750,10.312500,10.781250,2.716103,998600
2000-09-04,10.781250,11.437500,10.625000,11.421850,2.877490,1370200
2000-09-11,11.437500,11.625000,10.750000,11.382800,2.867650,1615800
2000-09-18,11.312500,11.375000,10.531250,10.843750,2.731848,954800
2000-09-25,10.843750,10.875000,10.250000,10.664050,2.686577,7008400
2000-10-02,10.593750,10.687500,9.875000,10.062500,2.535029,8266200
2000-10-09,10.000000,10.500000,9.843750,10.312500,2.685666,2204400
2000-10-16,10.312500,10.312500,9.656250,9.843750,2.563591,1782400
2000-10-23,9.812500,10.000000,9.468750,9.812500,2.555453,1574800
2000-10-30,9.937500,10.500000,9.843750,10.312500,2.685666,2457200
2000-11-06,10.312500,10.437500,9.968750,10.343750,2.693805,1061400
2000-11-13,10.375000,10.468750,10.125000,10.312500,2.685666,1040600
2000-11-20,10.312500,10.906250,10.218750,10.906250,2.840296,1809800
2000-11-27,10.812500,11.250000,10.625000,11.250000,2.929818,2071600
2000-12-04,11.187500,11.625000,11.187500,11.562500,3.011202,4073000
2000-12-11,11.562500,11.812500,11.281250,11.500000,2.994926,2536800
2000-12-18,11.406250,12.062500,11.406250,11.937500,3.108863,3956800
2000-12-25,12.000000,12.375000,11.906250,12.218750,3.182107,1024800
2001-01-01,12.281250,12.343750,11.187500,11.375000,2.962371,7716400
2001-01-08,11.250000,11.500000,10.750000,11.250000,2.929818,2829400
2001-01-15,11.218750,11.437500,10.968750,11.343750,3.043188,2003600
2001-01-22,11.468750,11.875000,11.250000,11.437500,3.068337,2018600
2001-01-29,11.475000,12.000000,11.125000,11.375000,3.051570,1795000
2001-02-05,11.325000,11.725000,11.250000,11.680000,3.133393,1478800
2001-02-12,11.690000,11.875000,11.405000,11.610000,3.114614,1428600
2001-02-19,11.610000,11.920000,11.350000,11.650000,3.125346,1031600
2001-02-26,11.650000,11.795000,11.250000,11.720000,3.144125,1804400
2001-03-05,11.720000,11.750000,11.250000,11.610000,3.114614,1951400
2001-03-12,11.550000,11.665000,11.265000,11.350000,3.044865,1957000
2001-03-19,11.300000,11.425000,10.625000,10.810000,2.899999,1594400
2001-03-26,10.935000,11.875000,10.935000,11.495000,3.083763,2148200
2001-04-02,11.600000,11.885000,10.725000,11.000000,2.950970,6698600
2001-04-09,11.050000,11.500000,11.050000,11.365000,3.140569,1866000
2001-04-16,11.300000,11.600000,11.045000,11.335000,3.132280,2701400
2001-04-23,11.210000,11.215000,10.400000,11.040000,3.050759,4226600
2001-04-30,11.165000,11.165000,10.640000,11.150000,3.081156,3134600
2001-05-07,11.050000,11.200000,11.030000,11.160000,3.083921,3694200
2001-05-14,11.125000,11.250000,10.950000,11.060000,3.056285,2291200
2001-05-21,11.060000,11.070000,10.880000,10.900000,3.012072,2212600
2001-05-28,11.015000,11.175000,10.875000,11.140000,3.078394,1675600
2001-06-04,11.150000,11.390000,11.020000,11.190000,3.092210,2349000
2001-06-11,11.190000,11.525000,11.075000,11.270000,3.114317,2376600
2001-06-18,11.350000,11.495000,11.080000,11.240000,3.106025,2020600
2001-06-25,11.250000,11.600000,11.075000,11.305000,3.123989,4741400
2001-07-02,11.365000,11.625000,11.305000,11.450000,3.164059,6328400
2001-07-09,11.385000,11.740000,11.355000,11.390000,3.241148,1610600
2001-07-16,11.390000,11.525000,10.905000,10.905000,3.103137,1904400
2001-07-23,10.850000,10.925000,10.225000,10.710000,3.047647,3087200
2001-07-30,10.585000,11.060000,10.000000,10.720000,3.050492,2869400
2001-08-06,10.720000,10.720000,10.450000,10.625000,3.023460,1498400
2001-08-13,10.625000,10.975000,10.540000,10.910000,3.104559,1814200
2001-08-20,10.975000,11.100000,10.895000,10.990000,3.127324,1208000
2001-08-27,10.950000,11.045000,10.900000,10.975000,3.123057,2008000
2001-09-03,10.950000,11.250000,10.935000,11.180000,3.181391,2686600
2001-09-10,11.180000,11.250000,11.110000,11.230000,3.195617,535000
2001-09-17,11.150000,11.150000,10.600000,10.675000,3.037687,2621600
2001-09-24,10.675000,11.075000,10.390000,10.935000,3.111673,1993200
2001-10-01,10.940000,11.655000,10.850000,11.380000,3.238302,12474600
2001-10-08,11.350000,11.500000,11.150000,11.420000,3.345369,2001600
2001-10-15,11.490000,11.640000,11.280000,11.395000,3.338047,1840800
2001-10-22,11.390000,11.390000,10.580000,10.755000,3.150564,2141000
2001-10-29,10.840000,10.990000,10.600000,10.815000,3.168141,2094400
2001-11-05,10.850000,11.250000,10.850000,11.195000,3.279457,1453400
2001-11-12,11.195000,11.280000,10.945000,11.035000,3.232588,1043400
2001-11-19,11.075000,11.325000,10.925000,11.130000,3.260417,1084000
2001-11-26,11.150000,11.190000,10.935000,10.935000,3.203294,1528600
2001-12-03,10.960000,11.085000,10.815000,11.000000,3.222335,1808400
2001-12-10,11.030000,11.035000,10.475000,10.800000,3.163746,1769200
2001-12-17,10.795000,11.220000,10.745000,11.145000,3.264812,1894800
2001-12-24,11.145000,11.545000,11.110000,11.540000,3.380524,871400
2001-12-31,11.550000,11.755000,11.350000,11.415000,3.343906,1879400
2002-01-07,11.450000,11.500000,11.030000,11.115000,3.256022,11944800
2002-01-14,11.110000,11.200000,10.990000,11.060000,3.337247,1830800
2002-01-21,11.025000,11.075000,10.835000,10.930000,3.298021,1468200
2002-01-28,10.945000,11.075000,10.735000,11.060000,3.337247,2957000
2002-02-04,11.060000,11.060000,10.645000,10.670000,3.219570,2158200
2002-02-11,10.775000,10.995000,10.640000,10.900000,3.288969,1366800
2002-02-18,10.875000,10.910000,10.640000,10.870000,3.279916,1114400
2002-02-25,10.850000,11.045000,10.745000,10.920000,3.295005,2300400
2002-03-04,10.925000,11.600000,10.925000,11.510000,3.473031,2484800
2002-03-11,11.525000,11.645000,11.325000,11.350000,3.424753,1201600
2002-03-18,11.355000,11.945000,11.255000,11.865000,3.580148,1571800
2002-03-25,11.900000,12.060000,11.795000,11.985000,3.616357,1129800
2002-04-01,11.985000,12.030000,11.705000,11.925000,3.598253,5410000
2002-04-08,11.800000,12.120000,11.705000,11.925000,3.598253,2625600
2002-04-15,11.910000,11.940000,11.700000,11.775000,3.654900,1472000
2002-04-22,11.775000,11.975000,11.695000,11.795000,3.661107,1847000
2002-04-29,11.750000,11.950000,11.505000,11.805000,3.664212,1892200
2002-05-06,11.850000,11.950000,11.335000,11.410000,3.541606,7776800
2002-05-13,11.375000,11.570000,11.295000,11.465000,3.558678,1443800
2002-05-20,11.515000,11.795000,11.445000,11.690000,3.628517,1602200
2002-05-27,11.725000,11.725000,11.325000,11.395000,3.536951,810000
2002-06-03,11.395000,11.395000,10.910000,11.150000,3.460903,1681200
2002-06-10,11.200000,11.350000,11.060000,11.090000,3.442279,1449400
2002-06-17,11.210000,11.375000,11.090000,11.375000,3.530741,1675400
2002-06-24,11.375000,11.460000,11.150000,11.430000,3.547813,2854600
2002-07-01,11.460000,11.645000,11.130000,11.260000,3.495047,5559200
2002-07-08,11.135000,11.195000,9.250000,9.860000,3.060494,3692400
2002-07-15,9.875000,10.040000,9.045000,9.100000,2.910539,3694400
2002-07-22,9.000000,9.700000,8.065000,9.420000,3.012889,3869000
2002-07-29,9.400000,10.300000,9.100000,9.540000,3.051269,4478600
2002-08-05,9.575000,9.705000,9.405000,9.610000,3.073658,3460600
2002-08-12,9.575000,9.840000,9.295000,9.445000,3.020885,2657200
2002-08-19,9.495000,9.955000,9.450000,9.715000,3.107242,2139600
2002-08-26,9.775000,10.050000,9.480000,9.600000,3.070460,1794200
2002-09-02,9.600000,9.765000,9.380000,9.625000,3.078457,1668800
2002-09-09,9.575000,9.700000,9.000000,9.075000,2.902544,2196800
2002-09-16,9.175000,9.195000,8.415000,8.625000,2.758617,3329200
2002-09-23,8.625000,8.730000,8.310000,8.430000,2.696247,4590600
2002-09-30,8.430000,9.170000,8.315000,8.460000,2.705842,4847600
2002-10-07,8.490000,8.710000,7.675000,7.910000,2.529930,5949400
2002-10-14,7.000000,7.530000,6.850000,7.175000,2.387817,10263200
2002-10-21,7.150000,7.725000,7.100000,7.545000,2.510951,4274800
2002-10-28,7.560000,8.130000,7.500000,8.130000,2.705639,3055600
2002-11-04,8.225000,8.490000,7.960000,7.960000,2.649062,3229800
2002-11-11,7.900000,7.925000,7.575000,7.760000,2.582503,2543000
2002-11-18,7.760000,7.850000,7.575000,7.830000,2.605800,3764400
2002-11-25,7.850000,8.370000,7.850000,8.230000,2.738917,2024400
2002-12-02,8.355000,8.405000,8.010000,8.250000,2.745573,2245600
2002-12-09,8.175000,8.520000,8.150000,8.475000,2.820454,2079000
2002-12-16,8.475000,8.785000,8.435000,8.715000,2.900325,2333600
2002-12-23,8.700000,8.900000,8.635000,8.730000,2.905316,1018200
2002-12-30,8.740000,9.205000,8.710000,9.185000,3.056738,1471200
2003-01-06,9.190000,9.685000,8.905000,8.990000,2.991843,7800000
2003-01-13,9.040000,9.050000,8.585000,8.600000,2.969007,2086600
2003-01-20,8.700000,8.745000,8.385000,8.385000,2.894782,2200400
2003-01-27,8.385000,8.700000,8.200000,8.545000,2.950020,3640800
2003-02-03,8.595000,8.725000,8.370000,8.380000,2.893056,2046600
2003-02-10,8.450000,8.625000,7.995000,8.525000,2.943114,2814400
2003-02-17,8.500000,8.710000,8.455000,8.700000,3.003531,1591000
2003-02-24,8.600000,8.780000,8.460000,8.685000,2.998353,2034600
2003-03-03,8.700000,8.990000,8.500000,8.955000,3.091566,3206400
2003-03-10,8.940000,9.005000,8.840000,8.935000,3.084661,1943400
2003-03-17,8.885000,9.085000,8.875000,9.050000,3.124363,2063200
2003-03-24,9.050000,9.050000,8.850000,9.050000,3.124363,1900600
2003-03-31,9.025000,9.125000,8.970000,9.085000,3.136445,2454600
2003-04-07,9.150000,9.195000,8.740000,8.750000,3.020792,6341600
2003-04-14,8.770000,8.875000,8.725000,8.750000,3.135028,2353600
2003-04-21,8.720000,8.925000,8.680000,8.830000,3.163692,3076800
2003-04-28,8.830000,9.055000,8.780000,9.055000,3.244305,2913800
2003-05-05,9.155000,9.265000,9.065000,9.240000,3.310590,2042600
2003-05-12,9.215000,9.825000,9.175000,9.825000,3.520189,2986600
2003-05-19,10.125000,10.700000,9.835000,10.600000,3.797863,4574400
2003-05-26,10.700000,11.125000,10.400000,10.560000,3.783531,3811000
2003-06-02,10.610000,10.840000,10.470000,10.485000,3.756658,3651800
2003-06-09,10.525000,10.760000,10.375000,10.525000,3.770991,2427600
2003-06-16,10.625000,10.820000,10.560000,10.635000,3.810403,2530800
2003-06-23,10.635000,10.875000,10.520000,10.590000,3.794280,2534600
2003-06-30,10.750000,10.925000,10.680000,10.785000,3.864145,2213200
2003-07-07,10.850000,10.940000,10.500000,10.570000,3.787115,7526400
2003-07-14,10.625000,10.700000,9.995000,10.135000,3.746606,2927800
2003-07-21,10.160000,10.200000,9.900000,9.975000,3.687459,2539400
2003-07-28,9.925000,10.150000,9.750000,9.900000,3.659733,2863600
2003-08-04,9.950000,10.500000,9.850000,10.475000,3.872293,3396400
2003-08-11,10.540000,10.900000,10.500000,10.685000,3.949923,2104800
2003-08-18,10.710000,10.955000,10.490000,10.800000,3.992435,8579600
2003-08-25,10.775000,10.870000,10.700000,10.865000,4.016465,3543200
2003-09-01,10.825000,11.160000,10.800000,11.140000,4.118123,2783400
2003-09-08,11.105000,11.195000,10.930000,11.150000,4.121818,2191800
2003-09-15,11.150000,11.340000,11.065000,11.315000,4.182815,2665400
2003-09-22,11.275000,11.375000,10.910000,11.165000,4.127364,2114000
2003-09-29,11.155000,11.600000,11.135000,11.585000,4.282627,2048600
2003-10-06,11.645000,11.650000,11.250000,11.360000,4.199451,4895800
2003-10-13,11.340000,11.400000,10.980000,11.145000,4.242585,2885400
2003-10-20,11.135000,11.240000,11.000000,11.060000,4.210227,2123600
2003-10-27,11.165000,11.405000,10.980000,11.405000,4.341561,2180600
2003-11-03,11.385000,11.555000,11.385000,11.525000,4.387239,2892600
2003-11-10,11.500000,11.925000,11.475000,11.845000,4.509055,2722400
2003-11-17,11.860000,11.900000,11.480000,11.575000,4.406273,2371400
2003-11-24,11.610000,11.975000,11.610000,11.910000,4.533798,2345000
2003-12-01,11.990000,12.150000,11.910000,12.025000,4.577576,2217000
2003-12-08,12.000000,12.110000,11.920000,12.065000,4.592803,1915000
2003-12-15,12.095000,12.100000,11.725000,12.070000,4.594707,3283000
2003-12-22,12.020000,12.100000,12.005000,12.055000,4.588996,1639600
2003-12-29,12.090000,12.170000,12.020000,12.025000,4.577576,2775200
2004-01-05,12.075000,12.100000,11.770000,11.795000,4.490020,2837200
2004-01-12,11.795000,11.850000,11.515000,11.600000,4.541415,1976200
2004-01-19,11.625000,12.100000,11.610000,12.100000,4.737167,2319800
2004-01-26,12.090000,12.250000,11.870000,12.215000,4.782190,3737000
2004-02-02,12.300000,12.350000,11.950000,12.135000,4.750871,2983200
2004-02-09,12.095000,12.325000,12.035000,12.230000,4.788061,1642400
2004-02-16,12.295000,12.495000,12.195000,12.200000,4.776316,1663400
2004-02-23,12.165000,12.885000,12.125000,12.875000,5.040581,3681200
2004-03-01,12.875000,13.350000,12.835000,13.120000,5.136496,3384400
2004-03-08,13.085000,13.135000,12.675000,12.900000,5.050368,3351200
2004-03-15,12.905000,13.150000,12.810000,13.145000,5.146285,2622000
2004-03-22,13.145000,13.145000,12.690000,12.750000,4.991641,1714800
2004-03-29,12.800000,13.400000,12.785000,13.320000,5.214797,2139800
2004-04-05,13.325000,13.350000,12.880000,12.900000,5.050368,1202400
2004-04-12,12.915000,12.975000,11.935000,12.095000,4.856905,3507800
2004-04-19,12.095000,12.280000,11.835000,12.190000,4.895054,2493000
2004-04-26,12.215000,12.320000,11.925000,12.025000,4.828795,3019800
2004-05-03,12.100000,12.650000,11.790000,11.835000,4.752501,3257000
2004-05-10,11.835000,12.045000,11.425000,11.965000,4.804703,3258400
2004-05-17,11.915000,11.980000,11.480000,11.550000,4.638057,2390200
2004-05-24,11.640000,12.360000,11.600000,12.250000,4.919148,1928000
2004-05-31,12.315000,12.350000,11.945000,12.020000,4.826787,3573000
2004-06-07,12.040000,12.100000,11.980000,12.050000,4.838836,3340000
2004-06-14,12.050000,12.725000,12.000000,12.680000,5.091819,4016000
2004-06-21,12.680000,12.825000,12.500000,12.650000,5.079774,2325800
2004-06-28,12.640000,12.765000,12.500000,12.725000,5.109891,2661400
2004-07-05,12.725000,12.820000,12.190000,12.530000,5.031585,3813200
2004-07-12,12.500000,12.595000,12.320000,12.510000,5.159438,1831200
2004-07-19,12.460000,12.600000,12.210000,12.240000,5.048083,2651000
2004-07-26,12.260000,12.585000,12.050000,12.445000,5.132627,2937800
2004-08-02,12.475000,12.920000,12.425000,12.620000,5.204803,3180600
2004-08-09,12.620000,12.700000,12.455000,12.560000,5.180058,1732400
2004-08-16,12.610000,12.720000,12.450000,12.605000,5.198618,1799600
2004-08-23,12.630000,12.910000,12.530000,12.875000,5.309971,2176400
2004-08-30,12.825000,13.150000,12.795000,13.110000,5.406892,2463800
2004-09-06,13.135000,13.240000,12.785000,12.905000,5.322345,2692600
2004-09-13,12.930000,12.950000,12.580000,12.800000,5.279040,2650000
2004-09-20,12.800000,12.845000,12.600000,12.630000,5.208927,2823200
2004-09-27,12.630000,12.720000,12.450000,12.700000,5.237796,2980600
2004-10-04,12.790000,12.965000,12.680000,12.785000,5.272855,2780400
2004-10-11,12.790000,13.000000,12.650000,12.915000,5.466667,2386400
2004-10-18,12.890000,12.920000,12.680000,12.860000,5.443386,2722000
2004-10-25,12.825000,12.985000,12.585000,12.685000,5.369315,3815000
2004-11-01,12.775000,13.275000,12.675000,12.975000,5.492064,3035800
2004-11-08,12.975000,13.370000,12.900000,13.370000,5.659258,2064400
2004-11-15,13.410000,13.410000,13.095000,13.165000,5.572486,2817600
2004-11-22,13.225000,13.440000,13.155000,13.360000,5.655026,2235600
2004-11-29,13.400000,13.400000,12.910000,13.030000,5.515344,2742000
2004-12-06,13.005000,13.115000,12.900000,13.020000,5.511112,2717800
2004-12-13,13.060000,13.285000,13.005000,13.215000,5.593651,3162400
2004-12-20,13.240000,13.475000,13.130000,13.330000,5.642327,2354400
2004-12-27,13.325000,13.375000,13.085000,13.255000,5.610581,2496400
2005-01-03,13.335000,13.335000,12.645000,12.700000,5.375661,4458400
2005-01-10,12.705000,12.930000,12.575000,12.925000,5.614501,2113400
2005-01-17,12.920000,12.975000,12.750000,12.875000,5.592783,1824600
2005-01-24,12.855000,13.150000,12.815000,12.960000,5.629705,2885600
2005-01-31,13.050000,13.195000,12.935000,13.190000,5.729617,2461600
2005-02-07,13.190000,13.275000,13.135000,13.225000,5.744819,2032200
2005-02-14,13.270000,13.535000,13.060000,13.120000,5.699210,1887200
2005-02-21,13.120000,13.120000,12.795000,13.030000,5.660112,2078800
2005-02-28,12.975000,13.545000,12.910000,13.545000,5.883823,3490800
2005-03-07,13.530000,13.715000,13.395000,13.465000,5.849072,3029200
2005-03-14,13.435000,13.795000,13.435000,13.645000,5.927263,3215400
2005-03-21,13.645000,13.690000,13.350000,13.420000,5.829526,3021400
2005-03-28,13.435000,13.725000,13.185000,13.565000,5.892513,3172400
2005-04-04,13.575000,13.685000,13.345000,13.385000,5.814322,4852400
2005-04-11,13.350000,13.645000,13.150000,13.160000,5.859525,2007000
2005-04-18,13.150000,13.545000,13.055000,13.510000,6.015366,2139200
2005-04-25,13.540000,13.800000,13.440000,13.800000,6.144487,2695200
2005-05-02,13.800000,13.880000,13.545000,13.785000,6.137808,2876000
2005-05-09,13.795000,13.895000,13.525000,13.655000,6.079924,2396800
2005-05-16,13.670000,14.075000,13.655000,13.900000,6.189013,2102200
2005-05-23,13.850000,13.970000,13.705000,13.770000,6.131130,2346800
2005-05-30,13.775000,14.195000,13.715000,14.120000,6.286968,1665600
2005-06-06,14.075000,14.360000,14.000000,14.185000,6.315909,1925400
2005-06-13,14.190000,14.425000,14.090000,14.420000,6.420544,2347800
2005-06-20,14.350000,14.445000,14.120000,14.120000,6.286968,1853200
2005-06-27,14.100000,14.770000,14.050000,14.725000,6.556344,2684000
2005-07-04,14.725000,14.835000,14.125000,14.685000,6.538534,2041800
2005-07-11,14.710000,14.880000,14.475000,14.570000,6.636066,2074800
2005-07-18,14.550000,14.995000,14.475000,14.700000,6.695275,3039800
2005-07-25,14.690000,15.300000,14.635000,15.190000,6.918453,2434000
2005-08-01,15.250000,15.275000,14.600000,14.700000,6.695275,3077600
2005-08-08,14.685000,14.710000,14.065000,14.340000,6.531313,3572800
2005-08-15,14.350000,14.390000,13.920000,14.160000,6.449325,1640600
2005-08-22,14.160000,14.435000,14.160000,14.245000,6.488041,1812200
2005-08-29,14.205000,14.710000,14.185000,14.625000,6.661116,1272000
2005-09-05,14.635000,14.780000,14.500000,14.770000,6.727161,1217800
2005-09-12,14.735000,14.780000,14.340000,14.575000,6.638340,2999600
2005-09-19,14.525000,14.600000,14.025000,14.100000,6.421998,2219200
2005-09-26,14.105000,14.195000,13.960000,14.050000,6.399227,2193600
2005-10-03,14.025000,14.300000,13.010000,13.445000,6.123672,3777400
2005-10-10,13.465000,13.480000,12.500000,12.830000,5.984745,3530800
2005-10-17,12.830000,12.990000,12.205000,12.400000,5.784165,2816600
2005-10-24,12.365000,12.905000,12.260000,12.635000,5.893784,4047600
2005-10-31,12.760000,13.150000,12.575000,12.950000,6.040719,2503800
2005-11-07,13.075000,13.140000,12.790000,13.015000,6.071042,2897200
2005-11-14,13.015000,13.475000,12.985000,13.440000,6.269288,2184400
2005-11-21,13.490000,13.590000,13.300000,13.530000,6.311270,1592600
2005-11-28,13.500000,13.600000,13.275000,13.435000,6.266955,1893800
2005-12-05,13.400000,13.475000,13.200000,13.455000,6.276284,1612400
2005-12-12,13.500000,13.905000,13.325000,13.905000,6.486194,2960800
2005-12-19,13.905000,13.905000,13.465000,13.555000,6.322930,1794000
2005-12-26,13.595000,13.605000,13.335000,13.395000,6.248297,1493800
2006-01-02,13.475000,13.755000,13.300000,13.555000,6.322930,3474800
2006-01-09,13.555000,13.645000,13.385000,13.455000,6.434771,1770200
2006-01-16,13.325000,13.730000,13.305000,13.490000,6.451509,1617200
2006-01-23,13.490000,13.710000,13.355000,13.425000,6.420423,1741600
2006-01-30,13.475000,13.670000,13.295000,13.325000,6.372598,2134400
2006-02-06,13.390000,13.520000,13.170000,13.260000,6.341514,2367200
2006-02-13,13.240000,13.850000,13.240000,13.820000,6.609329,2451200
2006-02-20,13.820000,14.125000,13.725000,13.990000,6.690631,1728600
2006-02-27,14.025000,14.495000,13.980000,14.010000,6.700195,3270200
2006-03-06,13.975000,14.000000,13.595000,14.000000,6.695413,2590800
2006-03-13,14.250000,14.625000,14.100000,14.625000,6.994315,2560000
2006-03-20,14.620000,14.725000,14.380000,14.700000,7.030183,2037200
2006-03-27,14.690000,14.800000,14.365000,14.500000,6.934534,3466600
2006-04-03,14.455000,14.870000,14.145000,14.205000,6.793453,3579800
2006-04-10,14.195000,14.400000,14.150000,14.225000,6.960185,1362800
2006-04-17,14.175000,14.625000,14.175000,14.620000,7.153453,2592400
2006-04-24,14.620000,15.150000,14.525000,15.080000,7.378528,3139200
2006-05-01,15.000000,15.780000,14.795000,15.690000,7.676999,4527800
2006-05-08,15.640000,15.725000,15.415000,15.610000,7.637854,3468000
2006-05-15,15.515000,15.700000,15.000000,15.115000,7.395653,4638000
2006-05-22,15.050000,15.465000,14.835000,15.425000,7.547335,4029400
2006-05-29,15.440000,15.975000,15.245000,15.930000,7.794428,2687200
2006-06-05,15.860000,16.250000,15.555000,16.195000,7.924089,3703800
2006-06-12,16.200001,16.559999,16.080000,16.450001,8.048861,5232600
2006-06-19,16.450001,16.670000,16.125000,16.590000,8.117359,3876000
2006-06-26,16.639999,17.535000,16.615000,17.514999,8.569955,5938600
2006-07-03,17.510000,17.844999,17.334999,17.670000,8.645795,3428400
2006-07-10,17.674999,18.225000,17.615000,17.959999,8.955305,4169000
2006-07-17,17.910000,18.639999,17.830000,18.455000,9.202121,4136600
2006-07-24,18.490000,19.170000,18.424999,19.004999,9.476368,5198000
2006-07-31,19.004999,19.575001,17.590000,18.035000,8.992700,8848800
2006-08-07,17.910000,18.075001,17.325001,17.504999,8.728427,5084200
2006-08-14,17.549999,18.030001,17.500000,18.025000,8.987712,3991000
2006-08-21,18.055000,18.440001,18.030001,18.100000,9.025113,3147200
2006-08-28,18.150000,18.700001,18.125000,18.660000,9.304340,2969600
2006-09-04,18.549999,18.665001,17.700001,17.790001,8.870537,4350600
2006-09-11,17.695000,18.129999,17.645000,18.049999,9.000181,5139000
2006-09-18,18.004999,18.035000,17.325001,17.650000,8.800733,4603000
2006-09-25,17.650000,18.334999,17.620001,18.055000,9.002675,3365400
2006-10-02,18.055000,18.445000,18.049999,18.299999,9.124835,4068600
2006-10-09,18.275000,18.889999,18.090000,18.844999,9.569656,3028000
2006-10-16,18.870001,18.995001,18.709999,18.920000,9.607741,2918800
2006-10-23,18.850000,19.520000,18.815001,19.290001,9.795636,4179800
2006-10-30,19.225000,19.680000,19.000000,19.100000,9.699151,5707200
2006-11-06,19.150000,19.825001,19.110001,19.820000,10.064771,3067600
2006-11-13,19.820000,20.055000,19.610001,19.674999,9.991139,4069800
2006-11-20,19.639999,19.865000,19.520000,19.775000,10.041921,2191200
2006-11-27,19.725000,19.945000,19.285000,19.639999,9.973366,4156800
2006-12-04,19.680000,19.959999,19.469999,19.605000,9.955593,2127200
2006-12-11,19.625000,20.145000,19.584999,20.120001,10.217113,2838600
2006-12-18,20.100000,20.105000,19.600000,19.740000,10.024144,2518000
2006-12-25,19.674999,20.290001,19.650000,20.000000,10.156177,2152600
2007-01-01,20.020000,20.240000,19.709999,19.745001,10.026687,2285200
2007-01-08,19.580000,19.580000,19.180000,19.290001,9.795636,4000200
2007-01-15,19.315001,19.400000,18.875000,19.110001,9.874257,2880800
2007-01-22,19.075001,19.285000,18.760000,19.020000,9.827752,4063200
2007-01-29,19.045000,19.754999,18.940001,19.680000,10.168780,4040400
2007-02-05,19.674999,20.650000,19.620001,20.420000,10.551141,3157800
2007-02-12,20.410000,20.620001,19.725000,20.070000,10.370295,3138800
2007-02-19,20.070000,20.190001,19.889999,20.065001,10.367710,3077800
2007-02-26,20.165001,20.500000,18.879999,18.915001,9.773500,5310000
2007-03-05,18.719999,18.830000,18.195000,18.730000,9.677907,5808000
2007-03-12,18.700001,18.995001,18.415001,18.725000,9.675326,4572200
2007-03-19,18.799999,19.410000,18.600000,19.355000,10.000850,5446000
2007-03-26,19.360001,19.615000,19.150000,19.400000,10.024102,3833000
2007-04-02,19.450001,19.725000,19.330000,19.514999,10.083525,3104400
2007-04-09,19.420000,19.825001,19.325001,19.370001,10.186069,4842800
2007-04-16,19.450001,19.629999,19.315001,19.570000,10.291243,2890000
2007-04-23,19.500000,19.705000,19.209999,19.254999,10.125589,3095200
2007-04-30,19.299999,19.514999,19.115000,19.420000,10.212364,3227600
2007-05-07,19.424999,19.500000,19.215000,19.445000,10.225510,3031200
2007-05-14,19.415001,19.559999,18.975000,19.100000,10.044085,3631800
2007-05-21,19.059999,19.125000,18.035000,18.145000,9.541879,2967800
2007-05-28,18.184999,18.580000,18.115000,18.510000,9.733820,4556600
2007-06-04,18.475000,18.545000,17.135000,17.219999,9.055449,5602400
2007-06-11,17.225000,17.495001,16.885000,17.459999,9.181658,5969400
2007-06-18,17.500000,17.555000,16.825001,16.850000,8.860880,7530800
2007-06-25,16.889999,18.549999,16.834999,18.325001,9.636539,9938400
2007-07-02,18.400000,18.795000,17.860001,17.990000,9.460371,4363800
2007-07-09,17.990000,18.350000,17.565001,18.285000,9.798347,5618600
2007-07-16,18.235001,18.334999,17.780001,18.000000,9.645623,4430200
2007-07-23,18.040001,18.184999,16.719999,16.735001,8.967752,5560800
2007-07-30,16.754999,17.309999,16.020000,16.075001,8.614076,7095400
2007-08-06,16.190001,16.969999,14.560000,15.600000,8.359538,8005200
2007-08-13,15.820000,16.885000,15.050000,16.000000,8.573888,6962600
2007-08-20,15.985000,16.930000,15.450000,16.805000,9.005260,5175600
2007-08-27,16.740000,16.940001,16.025000,16.860001,9.034734,3329600
2007-09-03,16.780001,17.125000,16.639999,16.915001,9.064210,2744800
2007-09-10,17.004999,17.075001,15.645000,16.180000,8.670345,8196600
2007-09-17,16.195000,17.110001,16.080000,16.825001,9.015977,3215400
2007-09-24,16.770000,16.940001,16.480000,16.549999,8.868613,2891600
2007-10-01,16.514999,16.799999,16.465000,16.620001,8.906125,2171200
2007-10-08,16.565001,16.959999,16.500000,16.915001,9.252812,2602600
2007-10-15,16.860001,17.555000,16.680000,17.245001,9.433328,6513000
2007-10-22,17.120001,18.090000,16.965000,17.985001,9.838120,6525200
2007-10-29,18.090000,19.150000,17.975000,18.455000,10.095222,4773000
2007-11-05,18.225000,18.405001,17.875000,17.965000,9.827182,3685000
2007-11-12,17.879999,18.035000,17.415001,17.719999,9.693161,4222600
2007-11-19,17.580000,18.315001,17.545000,18.035000,9.865475,3511000
2007-11-26,18.010000,18.325001,17.684999,17.799999,9.736924,4051400
2007-12-03,17.650000,18.629999,17.650000,18.594999,10.171803,2065400
2007-12-10,18.625000,18.725000,17.775000,18.254999,9.985818,4326000
2007-12-17,18.094999,18.450001,17.865000,18.260000,9.988552,4369400
2007-12-24,18.270000,18.325001,18.105000,18.230000,9.972143,1102400
2007-12-31,18.215000,18.250000,17.535000,17.590000,9.622051,2676400
2008-01-07,17.635000,17.945000,17.105000,17.799999,9.736924,4893800
2008-01-14,17.850000,17.930000,16.905001,17.055000,9.518022,4348800
2008-01-21,16.340000,16.900000,15.715000,15.750000,8.789729,5607600
2008-01-28,15.720000,16.625000,15.720000,16.520000,9.219446,6084400
2008-02-04,16.520000,16.945000,16.245001,16.445000,9.177592,3637200
2008-02-11,16.400000,16.740000,16.170000,16.340000,9.118997,2812800
2008-02-18,16.469999,16.799999,16.205000,16.764999,9.356174,2675400
2008-02-25,16.785000,17.430000,16.155001,16.235001,9.060397,3854800
2008-03-03,16.250000,16.400000,15.615000,15.795000,8.814842,4218800
2008-03-10,15.845000,16.090000,15.165000,15.255000,8.513477,4112200
2008-03-17,15.255000,15.480000,14.915000,15.145000,8.452090,4023600
2008-03-24,15.230000,15.465000,15.120000,15.330000,8.555333,4024600
2008-03-31,15.330000,16.139999,15.265000,15.805000,8.820421,3664600
2008-04-07,15.865000,16.030001,15.305000,15.400000,8.594401,2632600
2008-04-14,15.375000,16.325001,15.375000,16.155001,9.216291,3473000
2008-04-21,16.065001,16.090000,15.710000,16.075001,9.170651,1763200
2008-04-28,16.115000,16.725000,15.955000,16.670000,9.510092,3314000
2008-05-05,16.610001,16.855000,16.004999,16.120001,9.196323,3814800
2008-05-12,16.139999,16.295000,15.925000,16.235001,9.261932,3062000
2008-05-19,16.240000,16.719999,16.150000,16.580000,9.458751,3781200
2008-05-26,16.645000,16.915001,16.625000,16.775000,9.569994,3184000
2008-06-02,16.725000,17.010000,16.480000,16.740000,9.550029,2878600
2008-06-09,16.665001,16.860001,16.240000,16.445000,9.381735,3087400
2008-06-16,16.370001,16.684999,16.180000,16.245001,9.267638,3411000
2008-06-23,16.290001,16.639999,15.665000,15.665000,8.936752,2706000
2008-06-30,15.685000,16.094999,15.510000,15.705000,8.959572,2070800
2008-07-07,15.780000,16.235001,15.270000,16.045000,9.153539,3988000
2008-07-14,16.150000,16.150000,15.380000,15.655000,9.132541,3035600
2008-07-21,15.675000,16.230000,15.550000,15.935000,9.295882,3983600
2008-07-28,15.930000,16.700001,15.870000,15.980000,9.322134,3338800
2008-08-04,16.014999,16.434999,15.800000,16.434999,9.587562,4705000
2008-08-11,16.385000,16.674999,16.150000,16.645000,9.710070,3391400
2008-08-18,16.650000,17.094999,16.635000,16.975000,9.902581,3284600
2008-08-25,16.934999,17.320000,16.650000,16.850000,9.829658,2635000
2008-09-01,16.969999,17.150000,16.615000,16.905001,9.861745,5997400
2008-09-08,17.010000,17.370001,16.555000,17.190001,10.028005,4962200
2008-09-15,16.930000,17.145000,15.415000,16.459999,9.602148,8135800
2008-09-22,16.445000,16.549999,15.575000,15.660000,9.135457,5924200
2008-09-29,15.575000,15.765000,14.835000,14.995000,8.747521,4601800
2008-10-06,14.795000,15.045000,9.780000,10.800000,6.300315,9744800
2008-10-13,11.180000,14.325000,11.115000,11.555000,6.921322,9927400
2008-10-20,11.700000,13.505000,11.650000,12.885000,7.717980,8616400
2008-10-27,12.705000,15.350000,11.840000,13.650000,8.176203,9626600
2008-11-03,13.655000,14.015000,12.525000,13.390000,8.020470,7892000
2008-11-10,13.710000,13.900000,12.455000,13.270000,7.948589,7257200
2008-11-17,13.130000,13.825000,11.155000,12.140000,7.271731,9936800
2008-11-24,12.040000,13.250000,11.745000,13.245000,7.933614,7006800
2008-12-01,13.000000,13.000000,11.520000,12.220000,7.319653,9775400
2008-12-08,12.360000,12.840000,11.675000,12.315000,7.376554,7077600
2008-12-15,12.305000,13.120000,12.135000,12.375000,7.412495,12936200
2008-12-22,12.375000,12.780000,12.070000,12.450000,7.457417,4995000
2008-12-29,12.405000,13.400000,12.275000,13.340000,7.990519,6771600
2009-01-05,13.170000,13.335000,12.250000,12.385000,7.418483,8304800
2009-01-12,12.370000,12.540000,11.835000,12.285000,7.565661,5599800
2009-01-19,12.255000,12.410000,11.780000,11.995000,7.387068,6114200
2009-01-26,11.995000,12.855000,11.995000,12.340000,7.599536,7325400
2009-02-02,12.250000,13.000000,12.130000,12.870000,7.925935,6550200
2009-02-09,12.880000,12.905000,11.905000,12.730000,7.839714,7736800
2009-02-16,12.485000,12.570000,11.300000,11.510000,7.088385,5686800
2009-02-23,11.645000,11.660000,10.655000,10.960000,6.749666,6403600
2009-03-02,10.805000,10.855000,9.850000,10.220000,6.293942,7954200
2009-03-09,10.055000,11.390000,10.040000,11.315000,6.968290,8519600
2009-03-16,11.435000,12.300000,11.170000,11.825000,7.282373,8266400
2009-03-23,12.160000,12.250000,11.660000,11.905000,7.331645,7103200
2009-03-30,11.715000,12.275000,11.575000,12.150000,7.482524,5396600
2009-04-06,12.095000,12.405000,11.805000,12.335000,7.596457,6842400
2009-04-13,12.220000,12.355000,11.825000,12.305000,7.807127,5738800
2009-04-20,12.170000,12.305000,11.920000,12.140000,7.702440,5329200
2009-04-27,12.010000,12.920000,12.010000,12.790000,8.114842,7182200
2009-05-04,12.970000,13.375000,12.555000,13.155000,8.346426,8199600
2009-05-11,13.005000,13.370000,12.750000,12.860000,8.159258,6370000
2009-05-18,12.985000,13.120000,12.670000,12.780000,8.108500,8966400
2009-05-25,12.770000,13.235000,12.700000,12.910000,8.190983,8729600
2009-06-01,12.955000,13.530000,12.950000,13.270000,8.419389,5683200
2009-06-08,13.175000,14.040000,13.005000,13.950000,8.850828,8006400
2009-06-15,13.875000,13.980000,13.595000,13.690000,8.685867,5451600
2009-06-22,13.665000,14.175000,13.280000,14.075000,8.930136,6548600
2009-06-29,14.070000,14.530000,13.910000,14.050000,8.914275,4066200
2009-07-06,14.045000,14.215000,13.250000,13.530000,8.584351,6536600
2009-07-13,13.585000,14.310000,13.380000,14.230000,9.267130,4302200
2009-07-20,14.275000,15.115000,14.180000,15.105000,9.836965,5444200
2009-07-27,15.130000,15.230000,14.625000,15.050000,9.801148,4235000
2009-08-03,15.135000,15.595000,14.915000,15.535000,10.116996,4767800
2009-08-10,15.470000,15.790000,15.275000,15.615000,10.169096,3269200
2009-08-17,15.445000,16.059999,15.385000,16.059999,10.458895,3423600
2009-08-24,16.049999,16.465000,15.750000,15.880000,10.341676,5092800
2009-08-31,15.815000,15.860000,15.215000,15.475000,10.077925,4700200
2009-09-07,15.505000,15.795000,15.430000,15.630000,10.178866,3182400
2009-09-14,15.585000,16.610001,15.585000,16.535000,10.768235,5303400
2009-09-21,16.450001,16.670000,16.344999,16.415001,10.690087,3738600
2009-09-28,16.434999,16.860001,16.049999,16.245001,10.579377,3623400
2009-10-05,16.340000,16.915001,16.115000,16.504999,10.748698,4139600
2009-10-12,16.465000,17.205000,16.330000,16.924999,11.260011,5024000
2009-10-19,17.000000,17.465000,16.740000,17.295000,11.506170,8189200
2009-10-26,17.309999,17.565001,15.830000,16.610001,11.050446,10827800
2009-11-02,16.620001,16.740000,16.165001,16.389999,10.904083,5616600
2009-11-09,16.440001,17.344999,16.385000,17.020000,11.323215,5606000
2009-11-16,17.035000,17.254999,16.645000,17.000000,11.309910,3219800
2009-11-23,17.094999,17.525000,17.010000,17.180000,11.429662,2067200
2009-11-30,17.110001,18.125000,17.075001,17.879999,11.895364,3211600
2009-12-07,17.900000,18.375000,16.525000,18.350000,12.208050,4690400
2009-12-14,18.469999,18.525000,17.815001,18.065001,12.018442,7266400
2009-12-21,18.205000,18.730000,18.155001,18.725000,12.457536,2087000
2009-12-28,18.790001,18.895000,18.445000,18.445000,12.271252,1946600
2010-01-04,18.525000,18.725000,17.750000,17.985001,11.965221,3659800
2010-01-11,18.094999,18.370001,17.975000,18.190001,12.345216,2904400
2010-01-18,18.250000,18.959999,18.225000,18.230000,12.372361,3766800
2010-01-25,18.400000,18.730000,18.110001,18.110001,12.290919,3660800
2010-02-01,18.155001,18.545000,17.559999,17.905001,12.151792,2999800
2010-02-08,17.930000,17.985001,17.459999,17.934999,12.172153,3540800
2010-02-15,18.059999,18.915001,17.945000,18.700001,12.691343,4656400
2010-02-22,18.725000,18.780001,17.959999,18.280001,12.406298,3118800
2010-03-01,18.309999,18.809999,18.280001,18.799999,12.759210,2560400
2010-03-08,18.730000,19.135000,18.590000,19.105000,12.966209,4538600
2010-03-15,19.020000,19.600000,18.860001,19.315001,13.108731,3111600
2010-03-22,19.215000,19.395000,18.905001,19.010000,12.901732,2530000
2010-03-29,19.090000,19.750000,19.055000,19.750000,13.403957,2044400
2010-04-05,19.780001,20.059999,19.240000,19.825001,13.454855,2901000
2010-04-12,19.815001,20.094999,19.650000,19.910000,13.761539,3088400
2010-04-19,19.815001,20.530001,19.670000,20.510000,14.176253,2769600
2010-04-26,20.459999,21.125000,20.065001,20.690001,14.300669,2915200
2010-05-03,20.815001,20.940001,17.870001,18.370001,12.697109,7161000
2010-05-10,19.045000,20.059999,18.690001,19.340000,13.367565,5304400
2010-05-17,19.379999,19.795000,17.250000,17.790001,12.296223,10288600
2010-05-24,17.740000,18.405001,16.934999,18.219999,12.593432,7130600
2010-05-31,18.090000,18.549999,17.465000,17.620001,12.178722,4843000
2010-06-07,17.715000,18.010000,17.315001,17.990000,12.434459,4295600
2010-06-14,18.080000,18.985001,17.965000,18.945000,13.094544,3676600
2010-06-21,19.160000,19.205000,18.219999,18.655001,12.894098,5736400
2010-06-28,18.670000,19.025000,17.690001,18.125000,12.527765,4258800
2010-07-05,18.385000,19.145000,18.260000,19.125000,13.218954,4198600
2010-07-12,18.995001,19.535000,18.955000,18.965000,13.370065,3383800
2010-07-19,19.014999,19.764999,18.825001,19.719999,13.902329,3619200
2010-07-26,19.725000,20.510000,19.600000,19.820000,13.972828,5239200
2010-08-02,20.160000,20.264999,19.625000,20.080000,14.156122,4662000
2010-08-09,20.135000,20.555000,19.504999,19.844999,13.990452,4409400
2010-08-16,19.690001,20.315001,19.440001,19.645000,13.849458,3101600
2010-08-23,19.770000,19.900000,19.100000,19.895000,14.025704,4534000
2010-08-30,19.799999,19.995001,19.280001,19.760000,13.930527,6641400
2010-09-06,19.670000,19.795000,19.445000,19.549999,13.782483,3771400
2010-09-13,19.725000,20.170000,19.629999,19.905001,14.032754,6046000
2010-09-20,19.945000,20.370001,19.809999,20.219999,14.254821,4364600
2010-09-27,20.215000,20.305000,19.920000,20.290001,14.304173,6980400
2010-10-04,20.290001,21.920000,20.165001,21.309999,15.023256,9103600
2010-10-11,21.355000,21.820000,21.004999,21.650000,15.535873,5349000
2010-10-18,21.625000,21.945000,21.299999,21.555000,15.467703,4524200
2010-10-25,21.715000,22.105000,21.415001,22.080000,15.844441,5434200
2010-11-01,22.250000,23.090000,22.075001,22.870001,16.411335,5134600
2010-11-08,22.764999,23.025000,22.325001,22.410000,16.081242,4898200
2010-11-15,22.469999,22.705000,21.830000,22.385000,16.063307,4563400
2010-11-22,22.299999,22.674999,22.059999,22.610001,16.224766,2876400
2010-11-29,22.459999,22.735001,22.180000,22.540001,16.174536,5023400
2010-12-06,22.580000,22.924999,22.264999,22.445000,16.106363,6061000
2010-12-13,22.459999,22.870001,22.215000,22.850000,16.396990,5499600
2010-12-20,22.889999,22.980000,22.610001,22.799999,16.361111,2136600
2010-12-27,22.740000,23.014999,22.565001,22.770000,16.339577,2575000
2011-01-03,22.945000,23.174999,22.620001,22.820000,16.375456,4311000
2011-01-10,22.785000,22.870001,22.344999,22.500000,16.414621,4713400
2011-01-17,22.510000,22.764999,22.395000,22.465000,16.389091,5594600
2011-01-24,22.504999,23.299999,22.504999,22.834999,16.659023,3844400
2011-01-31,22.870001,23.340000,22.799999,23.170000,16.903421,3190200
2011-02-07,23.190001,23.395000,23.105000,23.334999,17.023792,2633000
2011-02-14,23.355000,24.090000,23.049999,24.000000,17.508936,4345800
2011-02-21,23.820000,24.059999,23.570000,23.950001,17.472466,3817400
2011-02-28,23.990000,24.639999,23.870001,24.434999,17.826286,4609800
2011-03-07,24.430000,24.889999,24.205000,24.469999,17.851824,4456000
2011-03-14,24.340000,24.500000,23.639999,24.014999,17.519878,4602600
2011-03-21,24.200001,24.900000,24.200001,24.625000,17.964899,3345400
2011-03-28,24.625000,25.605000,24.395000,25.545000,18.636074,2921000
2011-04-04,25.600000,25.735001,25.385000,25.635000,18.701731,3067800
2011-04-11,25.705000,25.754999,25.014999,25.715000,19.038216,4664400
2011-04-18,25.490000,26.750000,25.055000,26.280001,19.456516,4793000
2011-04-25,26.290001,26.594999,25.910000,26.584999,19.682320,3599200
2011-05-02,26.655001,26.665001,25.049999,25.209999,18.664333,7141200
2011-05-09,25.225000,25.959999,25.139999,25.535000,18.904953,5539400
2011-05-16,25.410000,25.900000,24.975000,25.629999,18.975283,4693800
2011-05-23,25.299999,25.570000,24.770000,25.334999,18.756882,4020400
2011-05-30,25.555000,25.610001,24.580000,24.625000,18.231232,3201000
2011-06-06,24.620001,24.670000,24.105000,24.110001,17.849941,4404800
2011-06-13,24.155001,24.445000,23.820000,24.254999,17.957300,4465200
2011-06-20,24.205000,24.870001,24.150000,24.485001,18.127583,4855200
2011-06-27,24.535000,25.540001,24.500000,25.525000,18.897543,3214400
2011-07-04,25.594999,25.905001,25.379999,25.680000,19.012304,2617400
2011-07-11,25.450001,25.575001,24.905001,25.155001,18.900482,4003600
2011-07-18,25.110001,26.075001,24.684999,25.830000,19.407648,3561000
2011-07-25,25.629999,25.955000,24.790001,25.020000,18.799047,3556800
2011-08-01,25.285000,25.545000,21.885000,22.500000,16.905617,7698200
2011-08-08,22.000000,23.500000,20.280001,23.055000,17.322624,12224000
2011-08-15,23.184999,24.195000,22.775000,22.834999,17.157324,7423400
2011-08-22,23.340000,24.700001,22.670000,24.434999,18.359497,7869600
2011-08-29,24.840000,25.325001,24.145000,24.205000,18.186687,4267200
2011-09-05,23.525000,24.855000,23.330000,23.895000,17.953766,5043800
2011-09-12,23.580000,25.004999,23.530001,24.680000,18.543585,5007800
2011-09-19,24.245001,25.219999,22.900000,23.465000,17.630684,5825800
2011-09-26,23.709999,24.240000,23.170000,23.895000,17.953766,6404200
2011-10-03,23.825001,24.570000,22.850000,24.094999,18.104034,7012800
2011-10-10,24.450001,24.995001,23.955000,24.950001,19.049459,3817800
2011-10-17,24.809999,26.110001,24.764999,25.995001,19.847332,5932800
2011-10-24,26.065001,26.809999,25.590000,26.120001,19.942768,5633200
2011-10-31,25.945000,26.415001,24.840000,26.330000,20.103106,4647600
2011-11-07,26.299999,26.525000,25.485001,26.385000,20.145094,3584600
2011-11-14,26.160000,26.254999,25.325001,25.674999,19.603003,4064400
2011-11-21,25.379999,25.424999,24.500000,24.680000,18.843319,2983200
2011-11-28,25.330000,26.594999,24.905001,26.219999,20.019121,4307200
2011-12-05,26.525000,26.525000,25.850000,26.295000,20.076380,3523200
2011-12-12,26.084999,27.105000,25.924999,27.020000,20.629923,7708400
2011-12-19,27.135000,28.110001,26.510000,28.055000,21.420149,3732000
2011-12-26,28.000000,28.584999,27.930000,28.355000,21.649200,1986000
2012-01-02,28.770000,28.770000,27.655001,27.680000,21.133835,2990800
2012-01-09,27.695000,28.135000,27.480000,27.684999,21.438440,4557200
2012-01-16,27.915001,28.035000,27.545000,27.750000,21.488777,3817600
2012-01-23,27.840000,28.174999,26.665001,26.840000,20.784101,6736800
2012-01-30,26.745001,26.895000,26.200001,26.615000,20.609869,6005400
2012-02-06,26.504999,26.905001,26.170000,26.420000,20.458860,4534600
2012-02-13,26.535000,27.235001,26.049999,26.475000,20.501453,7618000
2012-02-20,26.485001,26.985001,25.785000,26.725000,20.695047,5152800
2012-02-27,26.520000,26.705000,25.930000,26.165001,20.261396,4703800
2012-03-05,26.059999,26.370001,25.620001,26.320000,20.381426,4405200
2012-03-12,26.344999,26.695000,26.170000,26.480000,20.505325,5668000
2012-03-19,26.565001,26.790001,25.790001,26.235001,20.315605,4608800
2012-03-26,26.420000,26.855000,26.049999,26.750000,20.714403,4498400
2012-04-02,26.680000,27.014999,25.995001,26.129999,20.234297,3100000
2012-04-09,25.860001,26.035000,25.434999,25.650000,20.161440,3724800
2012-04-16,25.719999,26.385000,25.625000,26.295000,20.668428,3227800
2012-04-23,26.070000,26.915001,25.790001,26.840000,21.096802,3938000
2012-04-30,26.900000,27.655001,26.629999,27.465000,21.588070,5311200
2012-05-07,27.299999,27.379999,26.705000,27.035000,21.250084,4426000
2012-05-14,26.860001,27.195000,26.334999,26.365000,20.723438,3366200
2012-05-21,26.410000,26.879999,26.235001,26.735001,21.014275,3766800
2012-05-28,26.815001,26.905001,26.200001,26.600000,20.908161,4109800
2012-06-04,26.725000,27.120001,26.264999,26.920000,21.159691,6194600
2012-06-11,27.065001,27.230000,26.635000,26.985001,21.210779,4381800
2012-06-18,26.840000,27.209999,25.620001,25.680000,20.185020,5807000
2012-06-25,25.475000,26.045000,25.115000,25.895000,20.354013,5033200
2012-07-02,25.885000,26.165001,25.315001,25.594999,20.118210,3983000
2012-07-09,25.594999,26.070000,25.299999,26.055000,20.795406,3130600
2012-07-16,26.004999,26.870001,25.665001,26.820000,21.405989,3997600
2012-07-23,26.635000,26.860001,25.975000,26.785000,21.378052,5709400
2012-07-30,26.775000,27.905001,26.375000,27.570000,22.004585,6071400
2012-08-06,27.625000,27.870001,27.165001,27.465000,21.920782,4595200
2012-08-13,27.375000,27.495001,27.084999,27.275000,21.769135,2809200
2012-08-20,27.280001,27.605000,26.844999,27.150000,21.669367,3164400
2012-08-27,27.200001,27.264999,26.870001,27.025000,21.569605,2443000
2012-09-03,26.910000,27.450001,26.834999,27.250000,21.749182,4274000
2012-09-10,27.264999,27.670000,26.855000,27.645000,22.064449,3805600
2012-09-17,27.530001,27.820000,27.209999,27.730000,22.132288,3635000
2012-09-24,27.639999,28.245001,27.510000,27.730000,22.132288,3658600
2012-10-01,27.735001,28.230000,27.500000,27.975000,22.327829,3836200
2012-10-08,27.920000,28.780001,27.840000,28.350000,22.946968,3805400
2012-10-15,28.340000,29.035000,28.225000,28.535000,23.096710,4675600
2012-10-22,28.445000,28.730000,28.170000,28.665001,23.201935,3511600
2012-10-29,28.754999,29.270000,28.379999,28.790001,23.303116,2956600
2012-11-05,28.719999,30.105000,27.465000,28.100000,22.744619,6569000
2012-11-12,28.100000,28.160000,27.180000,28.065001,22.716288,7279400
2012-11-19,28.250000,28.344999,27.735001,28.105000,22.748667,3822600
2012-11-26,28.105000,28.834999,27.915001,28.565001,23.120995,16211600
2012-12-03,28.645000,28.745001,28.219999,28.334999,22.934828,4874200
2012-12-10,28.455000,28.455000,27.655001,27.670000,22.396570,5582600
2012-12-17,27.795000,28.540001,27.655001,28.100000,22.744619,6646800
2012-12-24,28.055000,28.219999,27.545000,27.780001,22.485607,2692000
2012-12-31,27.735001,28.940001,27.580000,28.900000,23.392151,3824200
2013-01-07,28.895000,28.895000,28.059999,28.629999,23.173605,3295600
2013-01-14,28.735001,28.735001,28.084999,28.590000,23.484467,2817200
2013-01-21,28.584999,29.025000,28.555000,28.990000,23.813042,3085800
2013-01-28,28.975000,29.570000,28.684999,29.434999,24.178577,4488800
2013-02-04,29.370001,29.700001,29.254999,29.690001,24.388037,4117000
2013-02-11,29.680000,29.900000,29.495001,29.700001,24.396250,3558800
2013-02-18,29.730000,30.000000,29.520000,29.900000,24.560537,2572600
2013-02-25,29.965000,30.695000,27.695000,28.905001,23.743219,9540000
2013-03-04,28.834999,30.014999,28.780001,30.004999,24.646786,5369800
2013-03-11,29.950001,33.939999,29.875000,33.814999,27.776405,9704600
2013-03-18,33.709999,34.375000,33.290001,34.224998,28.113190,6939400
2013-03-25,34.310001,35.080002,34.215000,34.990002,28.741579,4351800
2013-04-01,34.980000,35.459999,34.875000,35.200001,28.914083,5433000
2013-04-08,34.955002,35.334999,34.834999,35.145000,28.868900,4009800
2013-04-15,34.965000,35.535000,34.325001,35.494999,29.506369,4757600
2013-04-22,35.485001,36.084999,35.195000,35.575001,29.572868,3409800
2013-04-29,35.735001,36.590000,35.200001,36.165001,30.063332,6317400
2013-05-06,36.009998,36.325001,35.110001,35.384998,29.414917,5361400
2013-05-13,35.264999,36.095001,34.950001,35.895000,29.838879,3085200
2013-05-20,35.779999,36.125000,34.139999,34.654999,28.808090,3302800
2013-05-27,34.849998,35.080002,33.755001,33.935001,28.209562,2681200
2013-06-03,33.849998,34.095001,32.825001,33.950001,28.222038,4343000
2013-06-10,33.994999,34.305000,33.049999,34.090000,28.338419,3998600
2013-06-17,34.259998,34.884998,32.195000,33.115002,27.527918,4154200
2013-06-24,32.680000,34.430000,32.430000,34.099998,28.346722,6156000
2013-07-01,34.134998,34.570000,33.849998,34.349998,28.554546,3173800
2013-07-08,34.419998,35.660000,34.320000,35.570000,29.568705,3458300
2013-07-15,35.570000,36.509998,35.480000,36.500000,30.525185,3178400
2013-07-22,36.529999,37.869999,36.340000,37.580002,31.428383,4148000
2013-07-29,37.560001,39.549999,37.130001,38.360001,32.080708,4037700
2013-08-05,38.220001,38.480000,37.130001,38.040001,31.813084,4151200
2013-08-12,37.919998,37.980000,35.849998,36.049999,30.148838,2690300
2013-08-19,36.090000,36.290001,35.410000,36.209999,30.282640,3335800
2013-08-26,36.209999,36.290001,35.110001,35.209999,29.446337,2205200
2013-09-02,35.500000,35.599998,34.450001,34.860001,29.153631,3493700
2013-09-09,34.889999,35.410000,34.730000,34.990002,29.262358,2651300
2013-09-16,35.299999,36.930000,34.849998,36.110001,30.199009,4511800
2013-09-23,35.889999,36.689999,35.770000,35.980000,30.090294,3247900
2013-09-30,35.740002,36.630001,35.400002,35.939999,30.056849,4278100
2013-10-07,35.669998,35.889999,34.970001,35.750000,29.897940,3491900
2013-10-14,35.610001,36.540001,35.119999,36.369999,30.596466,3151100
2013-10-21,36.320000,37.459999,36.180000,37.090000,31.202181,3644200
2013-10-28,37.119999,37.389999,36.439999,37.340000,31.412487,3691300
2013-11-04,37.369999,40.000000,36.360001,37.790001,31.791056,6207900
2013-11-11,37.650002,38.349998,37.279999,38.349998,32.262154,3629100
2013-11-18,38.349998,38.480000,37.130001,38.150002,32.093910,3602700
2013-11-25,38.299999,38.299999,34.189999,34.419998,28.956024,10862800
2013-12-02,34.369999,34.540001,33.730000,34.180000,28.754120,5635600
2013-12-09,34.160000,34.540001,33.389999,33.509998,28.190479,4731300
2013-12-16,33.509998,34.130001,32.849998,33.779999,28.417618,9712200
2013-12-23,33.990002,34.090000,33.639999,33.810001,28.442854,2078100
2013-12-30,33.759998,34.099998,33.110001,33.360001,28.064295,3634900
2014-01-06,33.490002,34.259998,33.250000,34.110001,28.695234,6625800
2014-01-13,34.090000,34.150002,33.459999,34.110001,28.887646,3655600
2014-01-20,34.160000,34.520000,33.619999,33.630001,28.481138,3826000
2014-01-27,33.520000,34.360001,33.389999,34.070000,28.853775,4988000
2014-02-03,34.060001,34.270000,32.910000,34.220001,28.980808,6391300
2014-02-10,34.080002,35.689999,33.849998,35.689999,30.225746,3653700
2014-02-17,35.669998,36.560001,35.480000,36.369999,30.801630,4387400
2014-02-24,36.389999,37.290001,35.419998,36.000000,30.488276,5733000
2014-03-03,35.660000,36.099998,35.180000,35.480000,30.047899,3865600
2014-03-10,35.470001,36.500000,35.270000,36.290001,30.733879,4724900
2014-03-17,36.470001,36.750000,35.590000,35.980000,30.471340,4688200
2014-03-24,36.090000,36.529999,35.720001,36.389999,30.818571,3646600
2014-03-31,36.540001,37.200001,36.259998,36.279999,30.725412,5902200
2014-04-07,36.200001,36.730000,34.930000,36.320000,30.759289,7718400
2014-04-14,36.450001,36.869999,35.950001,36.450001,31.066565,3689000
2014-04-21,36.560001,37.360001,36.279999,37.119999,31.637602,3469100
2014-04-28,37.180000,37.439999,36.259998,36.299999,30.938717,5331300
2014-05-05,36.110001,37.220001,35.939999,36.150002,30.810873,4741000
2014-05-12,36.230000,36.380001,35.430000,35.639999,30.376192,3710900
2014-05-19,35.509998,36.049999,35.049999,35.869999,30.572224,5042900
2014-05-26,36.029999,36.759998,35.820000,36.730000,31.305210,3495900
2014-06-02,36.720001,37.230000,35.320000,36.930000,31.475666,3274800
2014-06-09,36.860001,37.090000,35.900002,36.310001,30.947241,2268500
2014-06-16,36.349998,37.610001,36.250000,37.419998,31.893307,3929200
2014-06-23,37.419998,38.810001,37.389999,38.669998,32.958683,5584500
2014-06-30,38.650002,39.279999,37.700001,38.060001,32.438786,4414900
2014-07-07,37.990002,38.220001,37.209999,37.419998,31.893307,2942300
2014-07-14,37.880001,37.880001,37.049999,37.730000,32.349102,3922700
2014-07-21,37.669998,37.910000,36.939999,36.970001,31.697502,2618100
2014-07-28,37.040001,37.700001,35.689999,36.070000,30.925852,5848600
2014-08-04,36.119999,36.189999,34.880001,35.299999,30.265665,7121800
2014-08-11,35.470001,36.369999,35.220001,36.080002,30.934429,5081600
2014-08-18,36.320000,36.900002,35.849998,36.720001,31.483149,4358200
2014-08-25,36.730000,37.599998,36.520000,37.520000,32.169060,2385100
2014-09-01,37.450001,37.720001,36.849998,37.689999,32.314816,3364800
2014-09-08,37.610001,37.759998,36.180000,36.220001,31.054461,2623000
2014-09-15,36.320000,36.660000,35.900002,36.259998,31.088749,4333300
2014-09-22,36.160000,37.180000,35.150002,36.950001,31.680353,7452100
2014-09-29,36.680000,37.509998,36.610001,37.130001,31.834673,4811200
2014-10-06,37.520000,37.560001,35.689999,35.820000,30.711498,5907900
2014-10-13,35.799999,36.090000,33.060001,35.599998,30.730688,13697200
2014-10-20,35.610001,37.099998,35.549999,36.820000,31.783819,5869600
2014-10-27,36.810001,37.490002,36.369999,37.290001,32.189537,6622400
2014-11-03,37.340000,37.740002,36.540001,37.720001,32.560715,6660100
2014-11-10,37.720001,37.900002,36.290001,36.349998,31.378103,4339100
2014-11-17,36.270000,37.310001,36.189999,36.930000,31.878769,3492200
2014-11-24,37.049999,37.049999,35.639999,35.689999,30.808376,2952100
2014-12-01,35.599998,35.830002,34.740002,35.529999,30.670265,6194300
2014-12-08,35.509998,36.020000,34.299999,34.320000,29.625761,6974400
2014-12-15,34.119999,35.029999,32.849998,34.810001,30.048750,8847500
2014-12-22,34.820000,36.099998,34.500000,35.880001,30.972393,2622100
2014-12-29,35.900002,36.700001,35.230000,35.630001,30.756578,4175600
2015-01-05,35.480000,35.549999,34.410000,34.430000,29.720715,7355700
2015-01-12,34.250000,35.070000,33.439999,35.029999,30.458027,6454200
2015-01-19,35.049999,35.919998,34.720001,35.700001,31.040579,3557500
2015-01-26,35.700001,36.480000,35.130001,35.180000,30.588448,5735300
2015-02-02,35.189999,35.750000,33.369999,33.639999,29.249443,6318700
2015-02-09,33.599998,33.900002,33.040001,33.340000,28.988598,7082800
2015-02-16,33.250000,34.180000,32.919998,34.049999,29.605927,5236100
2015-02-23,34.060001,34.570000,32.119999,32.509998,28.266920,6575700
2015-03-02,32.410000,32.490002,31.500000,31.660000,27.527866,7885900
2015-03-09,31.750000,31.990000,30.820000,31.240000,27.162683,7180600
2015-03-16,31.440001,32.540001,31.190001,32.450001,28.214758,6194200
2015-03-23,32.450001,32.599998,31.230000,31.520000,27.406137,4250600
2015-03-30,31.600000,32.139999,31.450001,32.009998,27.832178,4461300
2015-04-06,32.049999,32.490002,31.340000,32.070000,27.884352,5693100
2015-04-13,31.809999,32.930000,31.809999,32.669998,28.630354,7464400
2015-04-20,32.750000,33.209999,32.150002,32.450001,28.437553,4224500
2015-04-27,32.570000,32.950001,31.900000,32.369999,28.367441,5861800
2015-05-04,32.270000,32.770000,31.780001,31.959999,28.008139,6244100
2015-05-11,31.879999,32.130001,31.080000,31.990000,28.034431,5299800
2015-05-18,31.879999,32.169998,31.450001,31.600000,27.692656,3534000
2015-05-25,31.570000,31.670000,31.129999,31.500000,27.605017,3976800
2015-06-01,31.500000,31.620001,29.559999,30.040001,26.325548,6896100
2015-06-08,29.969999,29.969999,29.059999,29.150000,25.545599,6967100
2015-06-15,29.059999,29.670000,28.799999,29.280001,25.659519,4862100
2015-06-22,29.420000,29.549999,28.450001,28.950001,25.370331,4676800
2015-06-29,28.860001,29.360001,28.280001,29.250000,25.858875,4665200
2015-07-06,29.160000,29.650000,28.600000,28.760000,25.425688,4302500
2015-07-13,28.790001,29.309999,28.520000,28.620001,25.517437,5039300
2015-07-20,28.580000,28.590000,27.570000,27.830000,24.813076,3962000
2015-07-27,27.830000,29.820000,27.820000,29.760000,26.533854,5795700
2015-08-03,29.760000,30.049999,28.590000,29.940001,26.694340,5926800
2015-08-10,29.940001,31.030001,29.840000,31.010000,27.648346,4856000
2015-08-17,30.900000,31.520000,29.910000,29.920000,26.676506,6144200
2015-08-24,28.490000,29.370001,27.139999,28.430000,25.348034,8877000
2015-08-31,28.340000,28.350000,26.549999,26.700001,23.805574,7538000
2015-09-07,27.059999,27.500000,26.500000,26.910000,23.992807,3905500
2015-09-14,26.940001,28.049999,26.620001,27.219999,24.269201,4864900
2015-09-21,27.360001,27.680000,26.590000,27.070000,24.135466,4855600
2015-09-28,27.010000,27.730000,26.440001,27.730000,24.723915,6622900
2015-10-05,27.900000,28.549999,27.780001,28.410000,25.330200,5712800
2015-10-12,28.540001,29.070000,28.330000,28.850000,26.236427,4418900
2015-10-19,28.680000,29.400000,28.480000,28.790001,26.181862,4403500
2015-10-26,28.790001,29.010000,27.900000,28.510000,25.927225,5033000
2015-11-02,28.530001,28.660000,25.660000,26.070000,23.708271,10378300
2015-11-09,25.940001,26.719999,25.700001,25.780001,23.444544,6285800
2015-11-16,25.770000,26.590000,25.680000,26.059999,23.699181,6238800
2015-11-23,26.059999,26.230000,25.450001,25.940001,23.590048,4644100
2015-11-30,26.000000,26.379999,24.469999,24.750000,22.507854,10613100
2015-12-07,24.610001,25.290001,24.150000,24.889999,22.635170,7186400
2015-12-14,24.930000,25.700001,24.450001,25.469999,23.162624,8440300
2015-12-21,25.549999,27.040001,25.299999,26.700001,24.281200,5312100
2015-12-28,26.610001,26.990000,26.080000,26.290001,23.908342,3440300
2016-01-04,26.240000,26.520000,25.180000,25.510000,23.199001,7423200
2016-01-11,25.530001,25.760000,24.450001,25.010000,22.985094,7471100
2016-01-18,25.139999,25.320000,23.370001,24.780001,22.773716,7419500
2016-01-25,24.740000,26.260000,24.389999,26.230000,24.106321,10658400
2016-02-01,26.270000,27.809999,26.010000,26.930000,24.749645,9677400
2016-02-08,26.930000,27.240000,25.459999,25.910000,23.812227,6771400
2016-02-15,25.990000,27.000000,25.770000,26.450001,24.308508,4436700
2016-02-22,26.610001,27.170000,24.790001,25.070000,23.040237,9299200
2016-02-29,24.990000,26.540001,24.389999,26.459999,24.317696,10814300
2016-03-07,26.389999,27.150000,25.760000,27.139999,24.942640,7944700
2016-03-14,27.139999,28.500000,26.920000,28.160000,25.880056,7679400
2016-03-21,28.049999,28.389999,27.670000,28.090000,25.815725,5426700
2016-03-28,28.209999,28.950001,27.980000,28.950001,26.606098,7360900
2016-04-04,28.990000,28.990000,27.510000,28.219999,25.935194,7220200
2016-04-11,28.110001,28.389999,27.770000,28.340000,26.302530,4841200
2016-04-18,28.260000,28.740000,27.270000,27.670000,25.680698,5052800
2016-04-25,27.610001,29.620001,27.610001,29.590000,27.462658,7096300
2016-05-02,29.590000,30.410000,28.969999,29.940001,27.787500,7503800
2016-05-09,30.000000,31.070000,29.820000,30.790001,28.576391,4834200
2016-05-16,30.740000,30.860001,29.549999,30.559999,28.362923,4431500
2016-05-23,30.549999,30.650000,30.150000,30.299999,28.121613,8440500
2016-05-30,30.309999,31.190001,30.090000,30.959999,28.734165,7611800
2016-06-06,31.000000,31.570000,30.799999,30.940001,28.715603,5905200
2016-06-13,30.920000,31.330000,30.540001,31.020000,28.789854,6107300
2016-06-20,31.170000,31.650000,30.660000,31.459999,29.198217,6620400
2016-06-27,31.400000,32.959999,30.870001,32.610001,30.265541,7104900
2016-07-04,32.549999,32.619999,31.600000,32.259998,29.940702,4899200
2016-07-11,32.139999,32.470001,31.500000,32.060001,30.008535,5347200
2016-07-18,32.139999,32.750000,31.790001,32.669998,30.579498,3563600
2016-07-25,32.520000,32.639999,31.299999,32.169998,30.111490,3956700
2016-08-01,32.099998,32.290001,30.610001,30.750000,28.782356,6258600
2016-08-08,30.830000,31.660000,30.790001,31.299999,29.297165,4635100
2016-08-15,31.389999,31.510000,29.910000,31.200001,29.203564,4321400
2016-08-22,31.230000,31.830000,30.459999,30.490000,28.538992,3851500
2016-08-29,30.549999,31.379999,30.549999,31.360001,29.353323,4549100
2016-09-05,31.570000,32.520000,31.200001,31.200001,29.203564,4442000
2016-09-12,31.100000,31.660000,30.590000,31.440001,29.428204,4408400
2016-09-19,31.629999,33.049999,31.549999,32.680000,30.588858,3685300
2016-09-26,32.599998,33.099998,31.500000,31.620001,29.596687,5030600
2016-10-03,31.660000,31.690001,29.610001,29.620001,27.724663,5717900
2016-10-10,29.620001,30.549999,29.620001,30.290001,28.637030,4290900
2016-10-17,30.410000,31.100000,30.309999,30.549999,28.882841,3347700
2016-10-24,30.889999,31.070000,30.010000,30.690001,29.015202,3431000
2016-10-31,30.870001,31.250000,29.570000,30.400000,28.741028,4991600
2016-11-07,30.620001,31.780001,30.070000,30.440001,28.778845,5515800
2016-11-14,30.209999,31.379999,30.100000,30.850000,29.166470,4774400
2016-11-21,31.040001,31.790001,30.719999,31.730000,29.998447,2715900
2016-11-28,31.750000,32.599998,31.260000,32.340000,30.575159,5604400
2016-12-05,32.279999,33.310001,31.959999,33.180000,31.369318,5341300
2016-12-12,33.180000,34.230000,32.990002,33.689999,31.851488,5781600
2016-12-19,33.900002,34.189999,32.560001,33.740002,31.898756,3621500
2016-12-26,33.860001,33.919998,33.150002,33.450001,31.624584,1911700
2017-01-02,33.580002,34.139999,33.230000,33.820000,31.974394,4757100
2017-01-09,33.900002,33.930000,32.849998,33.750000,32.196445,4337200
2017-01-16,33.939999,34.060001,33.169998,33.400002,31.862560,2241700
2017-01-23,33.400002,34.160000,33.270000,33.419998,31.881632,3857700
2017-01-30,33.380001,33.939999,32.880001,33.869999,32.310921,4203500
2017-02-06,33.990002,34.450001,33.759998,34.270000,32.692509,3600800
2017-02-13,34.189999,34.759998,33.970001,34.619999,33.026402,3614300
2017-02-20,34.580002,36.279999,34.500000,36.110001,34.447811,4327500
2017-02-27,36.139999,37.410000,35.959999,36.740002,35.048817,6553800
2017-03-06,36.730000,36.889999,35.759998,36.220001,34.552750,5914000
2017-03-13,36.230000,37.070000,36.139999,36.790001,35.096516,7494800
2017-03-20,36.889999,36.900002,35.419998,35.689999,34.047150,10822600
2017-03-27,35.799999,35.869999,34.970001,34.980000,33.369823,5503100
2017-04-03,34.980000,35.340000,34.570000,34.810001,33.207653,6443100
2017-04-10,34.820000,34.919998,34.509998,34.529999,33.225426,3820400
2017-04-17,34.549999,35.209999,34.369999,35.160000,33.831627,6983700
2017-04-24,35.270000,35.509998,34.669998,34.779999,33.465977,5260300
2017-05-01,34.820000,34.820000,33.669998,34.290001,32.994495,5073500
2017-05-08,34.299999,34.349998,33.500000,34.139999,32.850163,4806900
2017-05-15,34.200001,34.470001,33.450001,34.220001,32.927139,4377900
2017-05-22,34.200001,35.459999,34.200001,35.150002,33.822002,4111700
2017-05-29,35.189999,36.090000,34.930000,35.790001,34.437824,3924500
2017-06-05,35.810001,35.950001,35.259998,35.369999,34.033688,4477400
2017-06-12,35.410000,37.250000,35.299999,36.470001,35.092133,7425300
2017-06-19,36.500000,36.580002,35.110001,35.470001,34.129910,6268500
2017-06-26,35.529999,35.900002,34.669998,34.790001,33.475605,4660900
2017-07-03,34.840000,35.009998,34.090000,34.220001,32.927139,3315800
2017-07-10,34.279999,34.900002,33.950001,34.570000,33.556957,4499500
2017-07-17,34.610001,35.419998,34.259998,35.419998,34.382050,3412700
2017-07-24,35.529999,35.919998,35.330002,35.799999,34.750912,3966300
2017-07-31,35.840000,36.139999,35.349998,35.910000,34.857693,4299000
2017-08-07,35.910000,36.400002,35.270000,35.419998,34.382050,4843000
2017-08-14,35.540001,35.750000,35.250000,35.590000,34.547066,4555300
2017-08-21,35.610001,36.360001,35.529999,36.220001,35.158607,2510100
2017-08-28,36.259998,36.509998,35.669998,35.759998,34.712082,3780600
2017-09-04,35.860001,36.209999,35.549999,36.150002,35.090656,3778500
2017-09-11,36.139999,36.669998,35.770000,36.310001,35.245968,4460500
2017-09-18,36.330002,36.410000,35.689999,35.840000,34.789742,3034900
2017-09-25,35.880001,36.389999,35.700001,36.029999,34.974171,4244700
2017-10-02,36.099998,36.360001,35.000000,35.580002,34.537361,5533300
2017-10-09,35.669998,37.299999,35.650002,36.820000,36.071247,3959700
2017-10-16,36.810001,37.209999,36.619999,37.090000,36.335754,3195100
2017-10-23,37.290001,37.320000,36.349998,37.080002,36.325962,5254600
2017-10-30,37.009998,37.200001,35.599998,35.630001,34.905445,5861800
2017-11-06,35.689999,36.000000,34.930000,35.009998,34.298050,7019800
2017-11-13,35.020000,36.009998,34.889999,35.200001,34.484188,7443800
2017-11-20,35.060001,35.270000,34.720001,34.900002,34.190292,2571600
2017-11-27,34.930000,36.000000,34.810001,35.230000,34.513577,5157500
2017-12-04,35.380001,35.669998,33.970001,34.459999,33.759235,5803900
2017-12-11,34.340000,34.720001,33.470001,34.150002,33.455544,5173800
2017-12-18,34.189999,34.400002,32.650002,33.009998,32.338722,4280500
2017-12-25,33.060001,33.200001,32.599998,32.910000,32.240757,4324400
2018-01-01,33.000000,33.070000,32.470001,32.500000,31.839094,5305300
2018-01-08,32.580002,32.840000,30.700001,30.740000,30.114885,7641800
2018-01-15,30.760000,31.780001,30.760000,31.420000,31.096773,6493000
2018-01-22,31.520000,32.540001,31.469999,32.139999,31.809366,7013700
2018-01-29,32.020000,32.360001,31.309999,31.350000,31.027494,7670900
2018-02-05,31.180000,31.540001,29.590000,30.389999,30.077370,8380000
2018-02-12,30.700001,31.660000,30.340000,31.559999,31.235332,7413900
2018-02-19,31.389999,33.060001,30.740000,32.950001,32.611034,9445300
2018-02-26,33.000000,33.000000,30.850000,31.190001,30.869141,7850600
2018-03-05,31.090000,32.080002,30.760000,31.350000,31.027494,7482100
2018-03-12,31.379999,32.169998,31.139999,32.000000,31.670807,11937900
2018-03-19,31.930000,32.389999,31.379999,31.430000,31.106670,6292100
2018-03-26,31.590000,32.830002,31.430000,32.770000,32.432888,5374000
2018-04-02,32.799999,32.980000,31.940001,32.369999,32.036999,9093200
2018-04-09,32.060001,32.310001,31.490000,31.610001,31.284819,7335800
2018-04-16,31.730000,32.910000,31.690001,32.470001,32.470001,7151000
2018-04-23,32.529999,33.160000,32.380001,32.910000,32.910000,7001900
2018-04-30,33.060001,34.369999,32.700001,34.169998,34.169998,9521800
2018-05-07,34.200001,34.590000,33.459999,34.230000,34.230000,8821100
2018-05-14,34.259998,34.299999,33.220001,33.349998,33.349998,8144200
2018-05-21,33.500000,34.490002,33.290001,34.389999,34.389999,6774100
2018-05-28,34.389999,35.419998,34.169998,34.380001,34.380001,7761200
2018-06-04,34.500000,34.810001,33.480000,33.750000,33.750000,8064500
2018-06-11,33.750000,34.610001,33.189999,34.220001,34.220001,9127500
2018-06-18,34.250000,35.080002,34.110001,34.959999,34.959999,8427600
2018-06-22,34.900002,35.080002,34.770100,34.959999,34.959999,1761557
